model,seed,missing_type,position,ratio,n,clean_accuracy,clean_macro_f1,clean_weighted_f1,clean_mae,clean_pearson,gap_accuracy,gap_macro_f1,gap_weighted_f1,gap_mae,gap_pearson,delta_macro_f1_clean_minus_gap,delta_mae_gap_minus_clean
M0,1729,text,early,0.1,715,0.6335664335664336,0.6003974535384574,0.628060406233534,0.6170394200134788,0.6345134385194822,0.6153846153846154,0.5768760921838746,0.6065089541479849,0.6186574198937344,0.6233559182819614,0.023521361354582826,0.0016179998802555717
M0,2718,text,early,0.1,715,0.6307692307692307,0.5846602817524914,0.6148351089086143,0.5850616864277167,0.6514378907109494,0.6377622377622377,0.5975723676623227,0.6259322732393889,0.5939819230370783,0.6468874083463017,-0.012912085909831283,0.008920236609361587
M0,31415,text,early,0.1,715,0.6153846153846154,0.5482163712010347,0.5863161255043784,0.6312396174716809,0.6361066028165463,0.6083916083916084,0.5411141852548887,0.5790219349214324,0.6482720213036958,0.6356047312129178,0.007102185946145978,0.017032403832014875
M1,1729,text,early,0.1,715,0.6293706293706294,0.5993311394338793,0.6249942312107749,0.5964291707977288,0.6410823753701124,0.6195804195804195,0.5890275359794092,0.6149259380719335,0.6026371762351869,0.6364493530381959,0.010303603454470123,0.006208005437458031
M1,2718,text,early,0.1,715,0.6181818181818182,0.5502617628658918,0.5880361426244011,0.5868322220370434,0.6450125446132786,0.6363636363636364,0.5674632436897044,0.6060581634130137,0.5914208595751674,0.6419813806376163,-0.017201480823812565,0.004588637538123996
M1,31415,text,early,0.1,715,0.6181818181818182,0.54598652630755,0.5853848103050912,0.6369708476573477,0.6431856731586778,0.6055944055944056,0.5214675436373549,0.5651978870991933,0.6621722935858488,0.6421417081456268,0.024518982670195033,0.025201445928501154
M0,1729,text,early,0.2,715,0.6335664335664336,0.6003974535384574,0.628060406233534,0.6170394200134788,0.6345134385194822,0.5888111888111888,0.5374602384931909,0.5715247497267057,0.6423719299297741,0.5928988446569299,0.0629372150452665,0.02533250991629532
M0,2718,text,early,0.2,715,0.6307692307692307,0.5846602817524914,0.6148351089086143,0.5850616864277167,0.6514378907109494,0.6153846153846154,0.5626741111621912,0.5946494246019827,0.6179629267333401,0.620047464691484,0.02198617059030017,0.03290124030562336
M0,31415,text,early,0.2,715,0.6153846153846154,0.5482163712010347,0.5863161255043784,0.6312396174716809,0.6361066028165463,0.5874125874125874,0.5077618638594249,0.5502989569508417,0.6724389117471613,0.6099348893559511,0.040454507341609824,0.041199294275480414
M1,1729,text,early,0.2,715,0.6293706293706294,0.5993311394338793,0.6249942312107749,0.5964291707977288,0.6410823753701124,0.6013986013986014,0.5672520800691556,0.5949658973313682,0.6266891682598662,0.6068771196718673,0.03207905936472366,0.030259997462137367
M1,2718,text,early,0.2,715,0.6181818181818182,0.5502617628658918,0.5880361426244011,0.5868322220370434,0.6450125446132786,0.6195804195804195,0.5527801182752871,0.5909720468047919,0.6070783186948149,0.6215929542862434,-0.0025183554093952676,0.02024609665777144
M1,31415,text,early,0.2,715,0.6181818181818182,0.54598652630755,0.5853848103050912,0.6369708476573477,0.6431856731586778,0.5916083916083916,0.5006287886349002,0.5466430309907688,0.687680845061265,0.6184047208821657,0.04535773767264972,0.05070999740391735
M0,1729,text,early,0.3,715,0.6335664335664336,0.6003974535384574,0.628060406233534,0.6170394200134788,0.6345134385194822,0.5818181818181818,0.5222291651512414,0.5599721116243234,0.6451899971659913,0.5815036605235937,0.07816828838721601,0.028150577152512568
M0,2718,text,early,0.3,715,0.6307692307692307,0.5846602817524914,0.6148351089086143,0.5850616864277167,0.6514378907109494,0.5874125874125874,0.5297744825740729,0.5643975491534385,0.6274336216606564,0.6012521461246831,0.054885799178418515,0.042371935232939695
M0,31415,text,early,0.3,715,0.6153846153846154,0.5482163712010347,0.5863161255043784,0.6312396174716809,0.6361066028165463,0.5706293706293706,0.4740988188390414,0.5220349616054396,0.6793323353825176,0.5900723565743934,0.0741175523619933,0.04809271791083669
M1,1729,text,early,0.3,715,0.6293706293706294,0.5993311394338793,0.6249942312107749,0.5964291707977288,0.6410823753701124,0.579020979020979,0.5433539988676802,0.5736047243790992,0.6342085742541439,0.5908310702130827,0.05597714056619907,0.03777940345641506
M1,2718,text,early,0.3,715,0.6181818181818182,0.5502617628658918,0.5880361426244011,0.5868322220370434,0.6450125446132786,0.6125874125874126,0.5429287954566929,0.5821604734774593,0.6173202706152456,0.5997613632986614,0.007332967409198865,0.030488048578202198
M1,31415,text,early,0.3,715,0.6181818181818182,0.54598652630755,0.5853848103050912,0.6369708476573477,0.6431856731586778,0.579020979020979,0.4804723976217303,0.528179104722682,0.6964504756909384,0.5997380726383872,0.06551412868581968,0.05947962803359075
M0,1729,text,middle,0.1,715,0.6335664335664336,0.6003974535384574,0.628060406233534,0.6170394200134788,0.6345134385194822,0.6125874125874126,0.5778316056597211,0.606472984961953,0.6226034484797164,0.6137536925618209,0.022565847878736278,0.005564028466237603
M0,2718,text,middle,0.1,715,0.6307692307692307,0.5846602817524914,0.6148351089086143,0.5850616864277167,0.6514378907109494,0.6293706293706294,0.5888764339720618,0.6178426678622518,0.5955734076999271,0.6337684862258558,-0.0042161522195703904,0.01051172127221034
M0,31415,text,middle,0.1,715,0.6153846153846154,0.5482163712010347,0.5863161255043784,0.6312396174716809,0.6361066028165463,0.6041958041958042,0.523326358035121,0.5663897670029813,0.6590784220721807,0.6235191777680579,0.02489001316591377,0.02783880460049981
M1,1729,text,middle,0.1,715,0.6293706293706294,0.5993311394338793,0.6249942312107749,0.5964291707977288,0.6410823753701124,0.6083916083916084,0.5796902795501504,0.6036149870234855,0.6091972348814296,0.626402262503721,0.01964085988372888,0.012768064083700792
M1,2718,text,middle,0.1,715,0.6181818181818182,0.5502617628658918,0.5880361426244011,0.5868322220370434,0.6450125446132786,0.6335664335664336,0.5659299800962548,0.6042413917297663,0.5949945251796056,0.6380850351608156,-0.015668217230363046,0.008162303142562166
M1,31415,text,middle,0.1,715,0.6181818181818182,0.54598652630755,0.5853848103050912,0.6369708476573477,0.6431856731586778,0.6055944055944056,0.5157052517676899,0.5609561044114132,0.6545777172390762,0.64031290256114,0.03028127453986007,0.017606869581728524
M0,1729,text,middle,0.2,715,0.6335664335664336,0.6003974535384574,0.628060406233534,0.6170394200134788,0.6345134385194822,0.5986013986013986,0.5625049235016131,0.5912398550275125,0.6337114138437526,0.5871860920501896,0.03789253003684434,0.016671993830273846
M0,2718,text,middle,0.2,715,0.6307692307692307,0.5846602817524914,0.6148351089086143,0.5850616864277167,0.6514378907109494,0.5986013986013986,0.5588103704677704,0.5881651162990975,0.6125559843832405,0.6004370597451955,0.025849911284721028,0.027494297955523828
M0,31415,text,middle,0.2,715,0.6153846153846154,0.5482163712010347,0.5863161255043784,0.6312396174716809,0.6361066028165463,0.5832167832167832,0.486266678937832,0.534090662302592,0.6778795982779401,0.5977487663124675,0.06194969226320274,0.046639980806259196
M1,1729,text,middle,0.2,715,0.6293706293706294,0.5993311394338793,0.6249942312107749,0.5964291707977288,0.6410823753701124,0.6013986013986014,0.5688489197390997,0.5970092499564043,0.6172334828658251,0.6065544297904756,0.0304822196947796,0.020804312068096298
M1,2718,text,middle,0.2,715,0.6181818181818182,0.5502617628658918,0.5880361426244011,0.5868322220370434,0.6450125446132786,0.6153846153846154,0.5549871109215597,0.5904822016328585,0.6077721641651335,0.6147152873592447,-0.004725348055667933,0.020939942128090028
M1,31415,text,middle,0.2,715,0.6181818181818182,0.54598652630755,0.5853848103050912,0.6369708476573477,0.6431856731586778,0.5986013986013986,0.5056296757976438,0.5515018390013998,0.6789554610753992,0.6108825691487104,0.04035685050990612,0.041984613418051486
M0,1729,text,middle,0.3,715,0.6335664335664336,0.6003974535384574,0.628060406233534,0.6170394200134788,0.6345134385194822,0.593006993006993,0.5543902248539195,0.5832132531252853,0.6392293359530712,0.5779594764663113,0.04600722868453788,0.02218991593959241
M0,2718,text,middle,0.3,715,0.6307692307692307,0.5846602817524914,0.6148351089086143,0.5850616864277167,0.6514378907109494,0.6139860139860139,0.5693094468498324,0.5995354357941224,0.6189597005133641,0.5974834887518206,0.015350834902658983,0.03389801408564741
M0,31415,text,middle,0.3,715,0.6153846153846154,0.5482163712010347,0.5863161255043784,0.6312396174716809,0.6361066028165463,0.5664335664335665,0.45979675046612173,0.5101751196127003,0.6863652925244761,0.5892717420765607,0.088419620734913,0.0551256750527952
M1,1729,text,middle,0.3,715,0.6293706293706294,0.5993311394338793,0.6249942312107749,0.5964291707977288,0.6410823753701124,0.6,0.5731352645119353,0.5988626383230138,0.6261638836782113,0.6032381915003736,0.026195874921943973,0.02973471288048246
M1,2718,text,middle,0.3,715,0.6181818181818182,0.5502617628658918,0.5880361426244011,0.5868322220370434,0.6450125446132786,0.620979020979021,0.5697313700201451,0.6029232778393129,0.6158225600794934,0.6033253398420485,-0.019469607154253277,0.028990338042449992
M1,31415,text,middle,0.3,715,0.6181818181818182,0.54598652630755,0.5853848103050912,0.6369708476573477,0.6431856731586778,0.5804195804195804,0.4780924240264277,0.5270898617662954,0.6853886760497739,0.6051747859302993,0.06789410228112225,0.048417828392426254
M0,1729,text,late,0.1,715,0.6335664335664336,0.6003974535384574,0.628060406233534,0.6170394200134788,0.6345134385194822,0.6153846153846154,0.5931159378996099,0.6151388121667282,0.6184306312293805,0.6008201038741017,0.007281515638847491,0.0013912112159016887
M0,2718,text,late,0.1,715,0.6307692307692307,0.5846602817524914,0.6148351089086143,0.5850616864277167,0.6514378907109494,0.6097902097902098,0.5787051066046609,0.6029178127174823,0.6008889587596059,0.6203682867599917,0.005955175147830505,0.015827272331889186
M0,31415,text,late,0.1,715,0.6153846153846154,0.5482163712010347,0.5863161255043784,0.6312396174716809,0.6361066028165463,0.5986013986013986,0.5311817571482021,0.5687587359106998,0.66089260663733,0.6096638511532532,0.017034614052832575,0.02965298916564907
M1,1729,text,late,0.1,715,0.6293706293706294,0.5993311394338793,0.6249942312107749,0.5964291707977288,0.6410823753701124,0.6083916083916084,0.5818932597193467,0.6055806029719073,0.6085219199202591,0.613795990870391,0.01743787971453259,0.012092749122530222
M1,2718,text,late,0.1,715,0.6181818181818182,0.5502617628658918,0.5880361426244011,0.5868322220370434,0.6450125446132786,0.627972027972028,0.5609421432195405,0.5984119514427734,0.598013404982451,0.6257586079117682,-0.01068038035364871,0.011181182945407597
M1,31415,text,late,0.1,715,0.6181818181818182,0.54598652630755,0.5853848103050912,0.6369708476573477,0.6431856731586778,0.6027972027972028,0.5215520572686836,0.5628886451702844,0.6663601062195441,0.6234351123346553,0.02443446903886637,0.02938925856219643
M0,1729,text,late,0.2,715,0.6335664335664336,0.6003974535384574,0.628060406233534,0.6170394200134788,0.6345134385194822,0.6,0.57120155007635,0.5965284861435578,0.6195740837766626,0.6028866823818884,0.02919590346210743,0.0025346637631837865
M0,2718,text,late,0.2,715,0.6307692307692307,0.5846602817524914,0.6148351089086143,0.5850616864277167,0.6514378907109494,0.6237762237762238,0.5884469099069128,0.6150971210410467,0.6081205922082861,0.6229096492308125,-0.003786628154421434,0.02305890578056935
M0,31415,text,late,0.2,715,0.6153846153846154,0.5482163712010347,0.5863161255043784,0.6312396174716809,0.6361066028165463,0.586013986013986,0.5060435647851388,0.5489553787958793,0.6662542303444466,0.6092483206468582,0.042172806415895936,0.03501461287276575
M1,1729,text,late,0.2,715,0.6293706293706294,0.5993311394338793,0.6249942312107749,0.5964291707977288,0.6410823753701124,0.6041958041958042,0.5797613674387325,0.6024434863346786,0.6121551285631356,0.617470909757143,0.019569771995146756,0.01572595776540675
M1,2718,text,late,0.2,715,0.6181818181818182,0.5502617628658918,0.5880361426244011,0.5868322220370434,0.6450125446132786,0.6139860139860139,0.5528536041130419,0.5879127779336504,0.6035214260329617,0.6303802170065249,-0.002591841247150062,0.016689203995918223
M1,31415,text,late,0.2,715,0.6181818181818182,0.54598652630755,0.5853848103050912,0.6369708476573477,0.6431856731586778,0.5818181818181818,0.4910143451319922,0.5365773192938968,0.6686949521249447,0.626836951533264,0.054972181175557744,0.03172410446759699
M0,1729,text,late,0.3,715,0.6335664335664336,0.6003974535384574,0.628060406233534,0.6170394200134788,0.6345134385194822,0.5692307692307692,0.5366306552747944,0.5644667954511462,0.6411639215162519,0.5842366605919508,0.06376679826366305,0.02412450150277312
M0,2718,text,late,0.3,715,0.6307692307692307,0.5846602817524914,0.6148351089086143,0.5850616864277167,0.6514378907109494,0.5944055944055944,0.5487168162248147,0.5801026581170717,0.6277519260910893,0.6066169630826245,0.03594346552767669,0.0426902396633726
M0,31415,text,late,0.3,715,0.6153846153846154,0.5482163712010347,0.5863161255043784,0.6312396174716809,0.6361066028165463,0.5622377622377622,0.4733234656381655,0.5190061554921915,0.6872474572412878,0.5847411402649043,0.0748929055628692,0.05600783976960688
M1,1729,text,late,0.3,715,0.6293706293706294,0.5993311394338793,0.6249942312107749,0.5964291707977288,0.6410823753701124,0.5804195804195804,0.5567312820025722,0.579269312337682,0.6309314640356111,0.6012792936997406,0.04259985743130712,0.03450229323788223
M1,2718,text,late,0.3,715,0.6181818181818182,0.5502617628658918,0.5880361426244011,0.5868322220370434,0.6450125446132786,0.5804195804195804,0.5103872188772489,0.5499397527410264,0.6186448719484366,0.6155333610046406,0.039874543988642874,0.03181264991139321
M1,31415,text,late,0.3,715,0.6181818181818182,0.54598652630755,0.5853848103050912,0.6369708476573477,0.6431856731586778,0.5762237762237762,0.48898792592254975,0.5332267676277764,0.6813073889358894,0.6092923023827458,0.05699860038500021,0.0443365412785417
M0,1729,audio,early,0.1,715,0.6335664335664336,0.6003974535384574,0.628060406233534,0.6170394200134788,0.6345134385194822,0.6321678321678321,0.5988803569938662,0.6266575443466658,0.6180642844181039,0.63513994045357,0.001517096544591201,0.0010248644046251254
M0,2718,audio,early,0.1,715,0.6307692307692307,0.5846602817524914,0.6148351089086143,0.5850616864277167,0.6514378907109494,0.6293706293706294,0.5824212331832846,0.612947471809206,0.5850550929100702,0.6517688638938903,0.0022390485692067585,-6.593517646535929e-06
M0,31415,audio,early,0.1,715,0.6153846153846154,0.5482163712010347,0.5863161255043784,0.6312396174716809,0.6361066028165463,0.6153846153846154,0.5483760026924887,0.5864944359672374,0.6328046056331246,0.6356169388676148,-0.00015963149145392652,0.0015649881614436811
M1,1729,audio,early,0.1,715,0.6293706293706294,0.5993311394338793,0.6249942312107749,0.5964291707977288,0.6410823753701124,0.6237762237762238,0.5915389410626313,0.6180758213383504,0.5980390080633423,0.6397654981367671,0.007792198371248005,0.0016098372656134785
M1,2718,audio,early,0.1,715,0.6181818181818182,0.5502617628658918,0.5880361426244011,0.5868322220370434,0.6450125446132786,0.6223776223776224,0.5516579911316754,0.5904920989941234,0.5871343542938935,0.6446027903396869,-0.0013962282657835612,0.00030213225685005174
M1,31415,audio,early,0.1,715,0.6181818181818182,0.54598652630755,0.5853848103050912,0.6369708476573477,0.6431856731586778,0.6181818181818182,0.5442703165031104,0.5842650736836359,0.6375751557942297,0.6432480202035649,0.001716209804439539,0.0006043081368820591
M0,1729,audio,early,0.2,715,0.6335664335664336,0.6003974535384574,0.628060406233534,0.6170394200134788,0.6345134385194822,0.6377622377622377,0.6058129432481264,0.6325400968550057,0.6167595627131527,0.6369899173521472,-0.005415489709668986,-0.0002798573003260918
M0,2718,audio,early,0.2,715,0.6307692307692307,0.5846602817524914,0.6148351089086143,0.5850616864277167,0.6514378907109494,0.6307692307692307,0.5835546173923046,0.6139708317033071,0.5841097207046342,0.6525408052894546,0.0011056643601867755,-0.0009519657230825374
M0,31415,audio,early,0.2,715,0.6153846153846154,0.5482163712010347,0.5863161255043784,0.6312396174716809,0.6361066028165463,0.6195804195804195,0.5546417379420844,0.5916040911092866,0.6317534367759041,0.6364752009205731,-0.006425366741049654,0.0005138193042232286
M1,1729,audio,early,0.2,715,0.6293706293706294,0.5993311394338793,0.6249942312107749,0.5964291707977288,0.6410823753701124,0.627972027972028,0.5962503968381144,0.6222402804790506,0.5976095199295144,0.6401244392578472,0.0030807425957648515,0.001180349131785552
M1,2718,audio,early,0.2,715,0.6181818181818182,0.5502617628658918,0.5880361426244011,0.5868322220370434,0.6450125446132786,0.6251748251748251,0.554419811387885,0.5930414954606212,0.5866032309989752,0.64494949428663,-0.004158048521993196,-0.00022899103806828247
M1,31415,audio,early,0.2,715,0.6181818181818182,0.54598652630755,0.5853848103050912,0.6369708476573477,0.6431856731586778,0.6167832167832168,0.5416073586719311,0.5820779348616858,0.6369826682416683,0.6432650200890605,0.0043791676356188525,1.1820584320587635e-05
M0,1729,audio,early,0.3,715,0.6335664335664336,0.6003974535384574,0.628060406233534,0.6170394200134788,0.6345134385194822,0.6405594405594406,0.6084250573730324,0.6352972894641705,0.615007516593262,0.6390252810915731,-0.008027603834575014,-0.002031903420216752
M0,2718,audio,early,0.3,715,0.6307692307692307,0.5846602817524914,0.6148351089086143,0.5850616864277167,0.6514378907109494,0.6251748251748251,0.578872400838665,0.6090897545660924,0.583630381936494,0.6536170900998282,0.0057878809138264264,-0.0014313044912227513
M0,31415,audio,early,0.3,715,0.6153846153846154,0.5482163712010347,0.5863161255043784,0.6312396174716809,0.6361066028165463,0.6223776223776224,0.5585249232945194,0.5950306112282359,0.6298655567225069,0.6380309958556735,-0.01030855209348469,-0.0013740607491740109
M1,1729,audio,early,0.3,715,0.6293706293706294,0.5993311394338793,0.6249942312107749,0.5964291707977288,0.6410823753701124,0.6307692307692307,0.5995463273606698,0.6252193290753529,0.5976516374425923,0.6403940530693574,-0.00021518792679053877,0.0012224666448634736
M1,2718,audio,early,0.3,715,0.6181818181818182,0.5502617628658918,0.5880361426244011,0.5868322220370434,0.6450125446132786,0.6223776223776224,0.5522091275792481,0.5907249945177628,0.5863494181756412,0.645165554069823,-0.0019473647133563254,-0.00048280386140220344
M1,31415,audio,early,0.3,715,0.6181818181818182,0.54598652630755,0.5853848103050912,0.6369708476573477,0.6431856731586778,0.6153846153846154,0.5385745554186517,0.5799107364439469,0.6360331707640544,0.6432344153652311,0.007411970888898223,-0.0009376768932932711
M0,1729,audio,middle,0.1,715,0.6335664335664336,0.6003974535384574,0.628060406233534,0.6170394200134788,0.6345134385194822,0.6363636363636364,0.6034128110989879,0.6307882849612106,0.6141171349925673,0.6362143280157891,-0.003015357560530507,-0.002922285020911519
M0,2718,audio,middle,0.1,715,0.6307692307692307,0.5846602817524914,0.6148351089086143,0.5850616864277167,0.6514378907109494,0.6265734265734266,0.5788322233574391,0.6099955425631294,0.584933156321978,0.6521237801875596,0.0058280583950522935,-0.00012853010573876666
M0,31415,audio,middle,0.1,715,0.6153846153846154,0.5482163712010347,0.5863161255043784,0.6312396174716809,0.6361066028165463,0.6139860139860139,0.5484320778192512,0.5859852337686067,0.6279625106010247,0.6379395610485812,-0.0002157066182164602,-0.003277106870656188
M1,1729,audio,middle,0.1,715,0.6293706293706294,0.5993311394338793,0.6249942312107749,0.5964291707977288,0.6410823753701124,0.6335664335664336,0.6047278540358413,0.6296598361311401,0.5957421386083653,0.6414866405729227,-0.005396714601962005,-0.0006870321893635012
M1,2718,audio,middle,0.1,715,0.6181818181818182,0.5502617628658918,0.5880361426244011,0.5868322220370434,0.6450125446132786,0.6195804195804195,0.5493943316879227,0.5880989813959502,0.5864190940899853,0.6451148222188103,0.000867431177969058,-0.00041312794705816724
M1,31415,audio,middle,0.1,715,0.6181818181818182,0.54598652630755,0.5853848103050912,0.6369708476573477,0.6431856731586778,0.6195804195804195,0.5488257692394604,0.5875652281565505,0.6349911192044537,0.6431455786252563,-0.0028392429319104018,-0.0019797284528939585
M0,1729,audio,middle,0.2,715,0.6335664335664336,0.6003974535384574,0.628060406233534,0.6170394200134788,0.6345134385194822,0.6335664335664336,0.60160213032329,0.6285310815974684,0.6119309581070487,0.6381037544946574,-0.0012046767848326034,-0.005108461906430106
M0,2718,audio,middle,0.2,715,0.6307692307692307,0.5846602817524914,0.6148351089086143,0.5850616864277167,0.6514378907109494,0.6251748251748251,0.5772961250471472,0.608674283177354,0.5853150012127899,0.6525766653455268,0.0073641567053441825,0.0002533147850731776
M0,31415,audio,middle,0.2,715,0.6153846153846154,0.5482163712010347,0.5863161255043784,0.6312396174716809,0.6361066028165463,0.6181818181818182,0.5548833751510082,0.5913291392187404,0.6268525556540703,0.6390270858416001,-0.006667003949973438,-0.004387061817610616
M1,1729,audio,middle,0.2,715,0.6293706293706294,0.5993311394338793,0.6249942312107749,0.5964291707977288,0.6410823753701124,0.6321678321678321,0.6035696596166087,0.6286599248986392,0.5962102043553145,0.6417176053276139,-0.0042385201827294106,-0.00021896644241437002
M1,2718,audio,middle,0.2,715,0.6181818181818182,0.5502617628658918,0.5880361426244011,0.5868322220370434,0.6450125446132786,0.6195804195804195,0.55117199391172,0.589063831146023,0.5865308644403084,0.645351712411332,-0.0009102310458282137,-0.00030135759673499685
M1,31415,audio,middle,0.2,715,0.6181818181818182,0.54598652630755,0.5853848103050912,0.6369708476573477,0.6431856731586778,0.6223776223776224,0.5504085518399409,0.5898077500902527,0.6349832104440857,0.6426798578548082,-0.004422025532390905,-0.0019876372132620057
M0,1729,audio,middle,0.3,715,0.6335664335664336,0.6003974535384574,0.628060406233534,0.6170394200134788,0.6345134385194822,0.6363636363636364,0.6041999575039987,0.6309948229969976,0.6114624693117046,0.6393365916894989,-0.0038025039655412707,-0.005576950701774219
M0,2718,audio,middle,0.3,715,0.6307692307692307,0.5846602817524914,0.6148351089086143,0.5850616864277167,0.6514378907109494,0.627972027972028,0.5834954130604073,0.6130870924130617,0.5854070757211257,0.6525476697746752,0.0011648686920840978,0.00034538929340899305
M0,31415,audio,middle,0.3,715,0.6153846153846154,0.5482163712010347,0.5863161255043784,0.6312396174716809,0.6361066028165463,0.620979020979021,0.5600828044175853,0.59524846740614,0.6263486063550715,0.6396915405107912,-0.011866433216550565,-0.0048910111166093895
M1,1729,audio,middle,0.3,715,0.6293706293706294,0.5993311394338793,0.6249942312107749,0.5964291707977288,0.6410823753701124,0.634965034965035,0.6051116687444725,0.6310080443163907,0.5959674029601282,0.6415077482836402,-0.005780529310593252,-0.0004617678376006573
M1,2718,audio,middle,0.3,715,0.6181818181818182,0.5502617628658918,0.5880361426244011,0.5868322220370434,0.6450125446132786,0.6167832167832168,0.5468576034357425,0.5858271751443469,0.5871759821950634,0.6450020610486238,0.0034041594301492673,0.00034376015801995674
M1,31415,audio,middle,0.3,715,0.6181818181818182,0.54598652630755,0.5853848103050912,0.6369708476573477,0.6431856731586778,0.6195804195804195,0.5464825733433057,0.5863963299192069,0.6354122296408783,0.6415633360035667,-0.0004960470357557867,-0.001558618016469393
M0,1729,audio,late,0.1,715,0.6335664335664336,0.6003974535384574,0.628060406233534,0.6170394200134788,0.6345134385194822,0.6363636363636364,0.6047085445855055,0.6311781830521404,0.6165386457787501,0.6359929099636766,-0.004311091047048077,-0.0005007742347287181
M0,2718,audio,late,0.1,715,0.6307692307692307,0.5846602817524914,0.6148351089086143,0.5850616864277167,0.6514378907109494,0.627972027972028,0.5822260295826022,0.6125318324526325,0.5849755374724501,0.6516392895729104,0.0024342521698892394,-8.614895526659616e-05
M0,31415,audio,late,0.1,715,0.6153846153846154,0.5482163712010347,0.5863161255043784,0.6312396174716809,0.6361066028165463,0.6167832167832168,0.5517562486988256,0.588983596145946,0.6310971442421156,0.6372913356306833,-0.003539877497790833,-0.00014247322956528752
M1,1729,audio,late,0.1,715,0.6293706293706294,0.5993311394338793,0.6249942312107749,0.5964291707977288,0.6410823753701124,0.6293706293706294,0.600221728227836,0.6255232399122717,0.5959793321156575,0.6412326511906261,-0.0008905887939567592,-0.00044983868207137956
M1,2718,audio,late,0.1,715,0.6181818181818182,0.5502617628658918,0.5880361426244011,0.5868322220370434,0.6450125446132786,0.6223776223776224,0.5550889527665351,0.5925191182483691,0.5865715682156502,0.6446631547835355,-0.004827189900643347,-0.0002606538213932863
M1,31415,audio,late,0.1,715,0.6181818181818182,0.54598652630755,0.5853848103050912,0.6369708476573477,0.6431856731586778,0.6153846153846154,0.5436633433460719,0.5829661742484646,0.639297846470751,0.6431143834340135,0.002323182961478043,0.0023269988134033692
M0,1729,audio,late,0.2,715,0.6335664335664336,0.6003974535384574,0.628060406233534,0.6170394200134788,0.6345134385194822,0.6363636363636364,0.6046045565001471,0.6313234019327565,0.6143436640728969,0.6376362350503533,-0.0042071029616896904,-0.002695755940581912
M0,2718,audio,late,0.2,715,0.6307692307692307,0.5846602817524914,0.6148351089086143,0.5850616864277167,0.6514378907109494,0.6307692307692307,0.5859824949606687,0.6157273811214373,0.5849684525841287,0.6519961385940354,-0.0013222132081772697,-9.323384358805864e-05
M0,31415,audio,late,0.2,715,0.6153846153846154,0.5482163712010347,0.5863161255043784,0.6312396174716809,0.6361066028165463,0.6167832167832168,0.5532492569306953,0.5896683526449488,0.6311048139564016,0.6380051634244052,-0.005032885729660541,-0.00013480351527928036
M1,1729,audio,late,0.2,715,0.6293706293706294,0.5993311394338793,0.6249942312107749,0.5964291707977288,0.6410823753701124,0.6293706293706294,0.5995064351861311,0.6252806468985134,0.5957708096984852,0.6410673024192861,-0.00017529575225183613,-0.000658361099243665
M1,2718,audio,late,0.2,715,0.6181818181818182,0.5502617628658918,0.5880361426244011,0.5868322220370434,0.6450125446132786,0.6251748251748251,0.5573200332704688,0.5948500947207835,0.5861867360489026,0.6446659184508537,-0.007058270404576961,-0.0006454859881408481
M1,31415,audio,late,0.2,715,0.6181818181818182,0.54598652630755,0.5853848103050912,0.6369708476573477,0.6431856731586778,0.6153846153846154,0.543826783395927,0.5831480058660375,0.6392716570262361,0.6431284809499274,0.0021597429116229083,0.0023008093688884346
M0,1729,audio,late,0.3,715,0.6335664335664336,0.6003974535384574,0.628060406233534,0.6170394200134788,0.6345134385194822,0.641958041958042,0.6103462070344966,0.6366704107111941,0.6128452345712593,0.6384775783231895,-0.009948753496039187,-0.0041941854422195
M0,2718,audio,late,0.3,715,0.6307692307692307,0.5846602817524914,0.6148351089086143,0.5850616864277167,0.6514378907109494,0.6321678321678321,0.58951196855651,0.6182449874394623,0.5850070072767827,0.6519036352450619,-0.004851686804018596,-5.467915093404496e-05
M0,31415,audio,late,0.3,715,0.6153846153846154,0.5482163712010347,0.5863161255043784,0.6312396174716809,0.6361066028165463,0.6181818181818182,0.5548253010599309,0.5910239710218438,0.6311192100235893,0.6385030215058211,-0.006608929858896162,-0.00012040744809160842
M1,1729,audio,late,0.3,715,0.6293706293706294,0.5993311394338793,0.6249942312107749,0.5964291707977288,0.6410823753701124,0.6307692307692307,0.6022599165495528,0.6273246405847642,0.5956908712336155,0.6404938837932147,-0.00292877711567352,-0.0007382995641133094
M1,2718,audio,late,0.3,715,0.6181818181818182,0.5502617628658918,0.5880361426244011,0.5868322220370434,0.6450125446132786,0.6223776223776224,0.5550889527665351,0.5925191182483691,0.5857830929415222,0.6451246658801485,-0.004827189900643347,-0.0010491290955212396
M1,31415,audio,late,0.3,715,0.6181818181818182,0.54598652630755,0.5853848103050912,0.6369708476573477,0.6431856731586778,0.6167832167832168,0.5464286406684696,0.5852896040088875,0.6392173928729669,0.6430412017022338,-0.0004421143609196765,0.002246545215619178
M0,1729,vision,early,0.1,715,0.6335664335664336,0.6003974535384574,0.628060406233534,0.6170394200134788,0.6345134385194822,0.6391608391608392,0.6063880830021916,0.6339158783746401,0.6157672157081274,0.6354249837108827,-0.005990629463734187,-0.0012722043053513543
M0,2718,vision,early,0.1,715,0.6307692307692307,0.5846602817524914,0.6148351089086143,0.5850616864277167,0.6514378907109494,0.6307692307692307,0.5846602817524914,0.6148351089086143,0.5854124305198308,0.651544445292676,0.0,0.00035074409211410806
M0,31415,vision,early,0.1,715,0.6153846153846154,0.5482163712010347,0.5863161255043784,0.6312396174716809,0.6361066028165463,0.6125874125874126,0.5462331257493108,0.583830074593747,0.6292682161463515,0.6366791762849455,0.001983245451723903,-0.0019714013253293583
M1,1729,vision,early,0.1,715,0.6293706293706294,0.5993311394338793,0.6249942312107749,0.5964291707977288,0.6410823753701124,0.6307692307692307,0.6032439009983607,0.627465857190765,0.5963209700889534,0.6416343696092123,-0.003912761564481393,-0.00010820070877548549
M1,2718,vision,early,0.1,715,0.6181818181818182,0.5502617628658918,0.5880361426244011,0.5868322220370434,0.6450125446132786,0.6195804195804195,0.5515171593541043,0.5892597971220543,0.5884319616997797,0.6454439295813295,-0.0012553964882124902,0.0015997396627362992
M1,31415,vision,early,0.1,715,0.6181818181818182,0.54598652630755,0.5853848103050912,0.6369708476573477,0.6431856731586778,0.6167832167832168,0.5437448483510295,0.5834340434343732,0.6363970373079858,0.6438691369502482,0.002241677956520416,-0.0005738103493618807
M0,1729,vision,early,0.2,715,0.6335664335664336,0.6003974535384574,0.628060406233534,0.6170394200134788,0.6345134385194822,0.6363636363636364,0.6040912484347786,0.6315721442424371,0.6142388999445846,0.6359084608507644,-0.0036937948963211564,-0.0028005200688941967
M0,2718,vision,early,0.2,715,0.6307692307692307,0.5846602817524914,0.6148351089086143,0.5850616864277167,0.6514378907109494,0.6293706293706294,0.5842618168907187,0.6141496963672749,0.5840812634416185,0.652335371699489,0.00039846486177275153,-0.0009804229860982394
M0,31415,vision,early,0.2,715,0.6153846153846154,0.5482163712010347,0.5863161255043784,0.6312396174716809,0.6361066028165463,0.6195804195804195,0.5559808961433931,0.5925800556359749,0.6277175293771315,0.6371849285432106,-0.007764524942358353,-0.003522088094549347
M1,1729,vision,early,0.2,715,0.6293706293706294,0.5993311394338793,0.6249942312107749,0.5964291707977288,0.6410823753701124,0.6293706293706294,0.6043856542788318,0.6275530507080014,0.5955363397670493,0.6422348407903559,-0.005054514844952562,-0.0008928310306794973
M1,2718,vision,early,0.2,715,0.6181818181818182,0.5502617628658918,0.5880361426244011,0.5868322220370434,0.6450125446132786,0.6195804195804195,0.5528083028083027,0.5901124516509132,0.5890410792199777,0.6455109444636198,-0.0025465399424109414,0.0022088571829342873
M1,31415,vision,early,0.2,715,0.6181818181818182,0.54598652630755,0.5853848103050912,0.6369708476573477,0.6431856731586778,0.6195804195804195,0.5474647315972949,0.5868314705312503,0.636073389034588,0.6443078623628796,-0.0014782052897449605,-0.0008974586227596948
M0,1729,vision,early,0.3,715,0.6335664335664336,0.6003974535384574,0.628060406233534,0.6170394200134788,0.6345134385194822,0.634965034965035,0.6037014868892597,0.6308740828391484,0.6131129229483618,0.6363123331653904,-0.0033040333508023156,-0.003926497065116941
M0,2718,vision,early,0.3,715,0.6307692307692307,0.5846602817524914,0.6148351089086143,0.5850616864277167,0.6514378907109494,0.6293706293706294,0.5833961770815019,0.6136189356425079,0.5830364148038069,0.6527946082875873,0.0012641046709894743,-0.0020252716239098634
M0,31415,vision,early,0.3,715,0.6153846153846154,0.5482163712010347,0.5863161255043784,0.6312396174716809,0.6361066028165463,0.6167832167832168,0.5523115815542058,0.5891703796593859,0.6266928279653543,0.637142895648065,-0.004095210353171064,-0.004546789506326587
M1,1729,vision,early,0.3,715,0.6293706293706294,0.5993311394338793,0.6249942312107749,0.5964291707977288,0.6410823753701124,0.6321678321678321,0.6066192819019829,0.6307334917670018,0.5946046947120605,0.6432977664765921,-0.007288142468103609,-0.0018244760856683806
M1,2718,vision,early,0.3,715,0.6181818181818182,0.5502617628658918,0.5880361426244011,0.5868322220370434,0.6450125446132786,0.620979020979021,0.5552760874464728,0.592584783708516,0.590403814275482,0.6452338445532522,-0.005014324580581042,0.0035715922384386145
M1,31415,vision,early,0.3,715,0.6181818181818182,0.54598652630755,0.5853848103050912,0.6369708476573477,0.6431856731586778,0.6167832167832168,0.5459946966878308,0.5854621611633436,0.6352744745920978,0.6444754179070749,-8.170380280891898e-06,-0.0016963730652498343
M0,1729,vision,middle,0.1,715,0.6335664335664336,0.6003974535384574,0.628060406233534,0.6170394200134788,0.6345134385194822,0.6363636363636364,0.6033755099647896,0.6309034983556229,0.6160356396991578,0.63495781020762,-0.0029780564263321985,-0.0010037803143210233
M0,2718,vision,middle,0.1,715,0.6307692307692307,0.5846602817524914,0.6148351089086143,0.5850616864277167,0.6514378907109494,0.627972027972028,0.5812982810284354,0.6119309023449538,0.5840623275735057,0.6516245738629249,0.0033620007240560135,-0.0009993588542109855
M0,31415,vision,middle,0.1,715,0.6153846153846154,0.5482163712010347,0.5863161255043784,0.6312396174716809,0.6361066028165463,0.6153846153846154,0.549807326039775,0.5873350903868687,0.6303575298911729,0.6362688044172625,-0.0015909548387402772,-0.0008820875805080064
M1,1729,vision,middle,0.1,715,0.6293706293706294,0.5993311394338793,0.6249942312107749,0.5964291707977288,0.6410823753701124,0.6307692307692307,0.6020689257354953,0.627090593077186,0.5955330404329238,0.6415461425740678,-0.0027377863016160298,-0.00089613036480507
M1,2718,vision,middle,0.1,715,0.6181818181818182,0.5502617628658918,0.5880361426244011,0.5868322220370434,0.6450125446132786,0.6153846153846154,0.5482574517364237,0.5855049490163768,0.5867979455293136,0.6450362055384725,0.0020043111294680838,-3.42765077298024e-05
M1,31415,vision,middle,0.1,715,0.6181818181818182,0.54598652630755,0.5853848103050912,0.6369708476573477,0.6431856731586778,0.6167832167832168,0.5452814663234181,0.5843579863198883,0.6371097441847351,0.6434279408844102,0.0007050599841318395,0.00013889652738741098
M0,1729,vision,middle,0.2,715,0.6335664335664336,0.6003974535384574,0.628060406233534,0.6170394200134788,0.6345134385194822,0.634965034965035,0.6013662315272391,0.6291190857427109,0.6156891905422602,0.6344533833429274,-0.0009687779887816994,-0.0013502294712185448
M0,2718,vision,middle,0.2,715,0.6307692307692307,0.5846602817524914,0.6148351089086143,0.5850616864277167,0.6514378907109494,0.6293706293706294,0.5837104010072601,0.6137909385860906,0.5846719762375513,0.651170794490005,0.0009498807452312796,-0.0003897101901654265
M0,31415,vision,middle,0.2,715,0.6153846153846154,0.5482163712010347,0.5863161255043784,0.6312396174716809,0.6361066028165463,0.6153846153846154,0.5523429812657322,0.5888797335112093,0.629915231747644,0.6358606640921215,-0.0041266100646975,-0.001324385724036925
M1,1729,vision,middle,0.2,715,0.6293706293706294,0.5993311394338793,0.6249942312107749,0.5964291707977288,0.6410823753701124,0.6377622377622377,0.6126825844845495,0.6360446599487373,0.5953563327067434,0.6413159678956273,-0.013351445050670208,-0.0010728380909854618
M1,2718,vision,middle,0.2,715,0.6181818181818182,0.5502617628658918,0.5880361426244011,0.5868322220370434,0.6450125446132786,0.6167832167832168,0.5493434892203455,0.586756981014661,0.5881966480920157,0.6440377864508915,0.0009182736455463081,0.0013644260549722231
M1,31415,vision,middle,0.2,715,0.6181818181818182,0.54598652630755,0.5853848103050912,0.6369708476573477,0.6431856731586778,0.6167832167832168,0.5463388175636003,0.5851835461736896,0.6375052579551597,0.6431737816538832,-0.00035229125605029665,0.0005344102978119825
M0,1729,vision,middle,0.3,715,0.6335664335664336,0.6003974535384574,0.628060406233534,0.6170394200134788,0.6345134385194822,0.6307692307692307,0.5979274025399128,0.6257488992248641,0.6150084906080217,0.633631387778743,0.0024700509985445818,-0.002030929405457127
M0,2718,vision,middle,0.3,715,0.6307692307692307,0.5846602817524914,0.6148351089086143,0.5850616864277167,0.6514378907109494,0.6293706293706294,0.5842618168907187,0.6141496963672749,0.5845029260885048,0.6506887269442948,0.00039846486177275153,-0.0005587603392118723
M0,31415,vision,middle,0.3,715,0.6153846153846154,0.5482163712010347,0.5863161255043784,0.6312396174716809,0.6361066028165463,0.6139860139860139,0.5511670733391648,0.587534315507245,0.6297948274689799,0.6348528256917187,-0.00295070213813009,-0.0014447900027010352
M1,1729,vision,middle,0.3,715,0.6293706293706294,0.5993311394338793,0.6249942312107749,0.5964291707977288,0.6410823753701124,0.6391608391608392,0.6138434217847714,0.6373938240900863,0.5950699028088483,0.6409255629359919,-0.01451228235089208,-0.0013592679888805304
M1,2718,vision,middle,0.3,715,0.6181818181818182,0.5502617628658918,0.5880361426244011,0.5868322220370434,0.6450125446132786,0.6195804195804195,0.5560513860716699,0.5919754890140284,0.5893336278897665,0.642870362840662,-0.005789623205778138,0.002501405852723071
M1,31415,vision,middle,0.3,715,0.6181818181818182,0.54598652630755,0.5853848103050912,0.6369708476573477,0.6431856731586778,0.6181818181818182,0.5502252657289312,0.5882194995042723,0.6380824812264605,0.6424497529061267,-0.004238739421381199,0.0011116335691128132
M0,1729,vision,late,0.1,715,0.6335664335664336,0.6003974535384574,0.628060406233534,0.6170394200134788,0.6345134385194822,0.6321678321678321,0.6000223087570551,0.6273731969300371,0.616773742853527,0.6336320486967699,0.00037514478140232566,-0.00026567715995173824
M0,2718,vision,late,0.1,715,0.6307692307692307,0.5846602817524914,0.6148351089086143,0.5850616864277167,0.6514378907109494,0.627972027972028,0.5812982810284354,0.6119309023449538,0.585288611985743,0.6511968157249202,0.0033620007240560135,0.00022692555802628078
M0,31415,vision,late,0.1,715,0.6153846153846154,0.5482163712010347,0.5863161255043784,0.6312396174716809,0.6361066028165463,0.6153846153846154,0.5483760026924887,0.5864944359672374,0.6306811545291668,0.635691830139224,-0.00015963149145392652,-0.0005584629425140486
M1,1729,vision,late,0.1,715,0.6293706293706294,0.5993311394338793,0.6249942312107749,0.5964291707977288,0.6410823753701124,0.627972027972028,0.5996984733585039,0.6249366566365036,0.5976083755836712,0.6400677465450458,-0.00036733392462462433,0.001179204785942356
M1,2718,vision,late,0.1,715,0.6181818181818182,0.5502617628658918,0.5880361426244011,0.5868322220370434,0.6450125446132786,0.6181818181818182,0.5505549788939597,0.5881578358007018,0.5880206694116594,0.644480001181108,-0.0002932160280678664,0.0011884473746159863
M1,31415,vision,late,0.1,715,0.6181818181818182,0.54598652630755,0.5853848103050912,0.6369708476573477,0.6431856731586778,0.6181818181818182,0.546372528379388,0.5855946243803712,0.6369820961028572,0.6426640930042892,-0.0003860020718380319,1.1248445509481897e-05
M0,1729,vision,late,0.2,715,0.6335664335664336,0.6003974535384574,0.628060406233534,0.6170394200134788,0.6345134385194822,0.6265734265734266,0.5959087738277061,0.6227576998683875,0.6161860731777156,0.6333310203667014,0.004488679710751287,-0.0008533468357632135
M0,2718,vision,late,0.2,715,0.6307692307692307,0.5846602817524914,0.6148351089086143,0.5850616864277167,0.6514378907109494,0.6293706293706294,0.5837104010072601,0.6137909385860906,0.5852456804755685,0.6507524410517846,0.0009498807452312796,0.00018399404785174323
M0,31415,vision,late,0.2,715,0.6153846153846154,0.5482163712010347,0.5863161255043784,0.6312396174716809,0.6361066028165463,0.6153846153846154,0.5513684816803485,0.5883308933807381,0.6302748327234668,0.6353407408520786,-0.003152110479313741,-0.0009647847482140426
M1,1729,vision,late,0.2,715,0.6293706293706294,0.5993311394338793,0.6249942312107749,0.5964291707977288,0.6410823753701124,0.6293706293706294,0.602662858954954,0.6271248573759958,0.5983163016678935,0.6394219067111707,-0.003331719521074694,0.0018871308701646772
M1,2718,vision,late,0.2,715,0.6181818181818182,0.5502617628658918,0.5880361426244011,0.5868322220370434,0.6450125446132786,0.6167832167832168,0.5495539623033778,0.5872345076491893,0.5900424498289667,0.6428930026321875,0.0007078005625139605,0.003210227791923259
M1,31415,vision,late,0.2,715,0.6181818181818182,0.54598652630755,0.5853848103050912,0.6369708476573477,0.6431856731586778,0.6111888111888112,0.5385280677346563,0.5786062391204195,0.6375582700507337,0.6418979528192887,0.007458458572893623,0.0005874223933860501
M0,1729,vision,late,0.3,715,0.6335664335664336,0.6003974535384574,0.628060406233534,0.6170394200134788,0.6345134385194822,0.627972027972028,0.5962128841079403,0.6236259422385186,0.6150039988662722,0.6338676127137296,0.004184569430517149,-0.002035421147206562
M0,2718,vision,late,0.3,715,0.6307692307692307,0.5846602817524914,0.6148351089086143,0.5850616864277167,0.6514378907109494,0.627972027972028,0.5823604349096422,0.6124523538547596,0.5844465455787673,0.6515326610561176,0.002299846842849229,-0.0006151408489494248
M0,31415,vision,late,0.3,715,0.6153846153846154,0.5482163712010347,0.5863161255043784,0.6312396174716809,0.6361066028165463,0.6139860139860139,0.5499927477856007,0.5869803602148856,0.6296849293220736,0.6354168534664735,-0.0017763765845659751,-0.0015546881496072418
M1,1729,vision,late,0.3,715,0.6293706293706294,0.5993311394338793,0.6249942312107749,0.5964291707977288,0.6410823753701124,0.6307692307692307,0.605037195603705,0.6293082361957056,0.5979030156879315,0.639808692775389,-0.0057060561698256684,0.0014738448902026358
M1,2718,vision,late,0.3,715,0.6181818181818182,0.5502617628658918,0.5880361426244011,0.5868322220370434,0.6450125446132786,0.6153846153846154,0.5516116135004604,0.5879432035773328,0.5911616632978633,0.6429078315104461,-0.0013498506345686057,0.004329441260819911
M1,31415,vision,late,0.3,715,0.6181818181818182,0.54598652630755,0.5853848103050912,0.6369708476573477,0.6431856731586778,0.6111888111888112,0.5393851725603919,0.5792184784854039,0.6378734381993177,0.6417056692179807,0.00660135374715809,0.0009025905419700608
M0,1729,audio+vision,early,0.1,715,0.6335664335664336,0.6003974535384574,0.628060406233534,0.6170394200134788,0.6345134385194822,0.6363636363636364,0.6032261156753291,0.6310978343671143,0.616769786854763,0.6357370219582864,-0.002828662136871718,-0.0002696331587157541
M0,2718,audio+vision,early,0.1,715,0.6307692307692307,0.5846602817524914,0.6148351089086143,0.5850616864277167,0.6514378907109494,0.6321678321678321,0.5861049701138131,0.616028634903087,0.5854941531284745,0.6518547620363248,-0.001444688361321722,0.00043246670075780536
M0,31415,audio+vision,early,0.1,715,0.6153846153846154,0.5482163712010347,0.5863161255043784,0.6312396174716809,0.6361066028165463,0.6139860139860139,0.5474882974106422,0.5852578563018961,0.6314110485017885,0.6358587407698933,0.000728073790392525,0.00017143103010763827
M1,1729,audio+vision,early,0.1,715,0.6293706293706294,0.5993311394338793,0.6249942312107749,0.5964291707977288,0.6410823753701124,0.6237762237762238,0.5935794072531694,0.6191492886902946,0.5979517017816799,0.6398355182011072,0.005751732180709901,0.0015225309839510537
M1,2718,audio+vision,early,0.1,715,0.6181818181818182,0.5502617628658918,0.5880361426244011,0.5868322220370434,0.6450125446132786,0.6195804195804195,0.5513951829881033,0.5891127551821901,0.588682670554576,0.6449373039585262,-0.0011334201222115148,0.0018504485175325769
M1,31415,audio+vision,early,0.1,715,0.6181818181818182,0.54598652630755,0.5853848103050912,0.6369708476573477,0.6431856731586778,0.6167832167832168,0.5435724965945724,0.5832451100664868,0.6369749721882122,0.6438928028174881,0.00241402971297755,4.124530864513254e-06
M0,1729,audio+vision,early,0.2,715,0.6335664335664336,0.6003974535384574,0.628060406233534,0.6170394200134788,0.6345134385194822,0.6391608391608392,0.6077240464795791,0.6341909344158704,0.6140891290455406,0.6379098688773615,-0.007326592941121701,-0.002950290967938196
M0,2718,audio+vision,early,0.2,715,0.6307692307692307,0.5846602817524914,0.6148351089086143,0.5850616864277167,0.6514378907109494,0.6307692307692307,0.5849447156826825,0.6146758896208041,0.5833516711369157,0.6533746044277916,-0.00028443393019106367,-0.001710015290801059
M0,31415,audio+vision,early,0.2,715,0.6153846153846154,0.5482163712010347,0.5863161255043784,0.6312396174716809,0.6361066028165463,0.6181818181818182,0.5546031746031747,0.5912274392274393,0.6285249854568262,0.6371267885884606,-0.006386803402139929,-0.0027146320148546677
M1,1729,audio+vision,early,0.2,715,0.6293706293706294,0.5993311394338793,0.6249942312107749,0.5964291707977288,0.6410823753701124,0.6265734265734266,0.5992154049679809,0.6234826813014916,0.596560601448523,0.6405489244658805,0.00011573446589840941,0.00013143065079412874
M1,2718,audio+vision,early,0.2,715,0.6181818181818182,0.5502617628658918,0.5880361426244011,0.5868322220370434,0.6450125446132786,0.6237762237762238,0.5579637918506406,0.5945484939532284,0.5888211301404175,0.6452222759201596,-0.00770202898474881,0.001988908103374043
M1,31415,audio+vision,early,0.2,715,0.6181818181818182,0.54598652630755,0.5853848103050912,0.6369708476573477,0.6431856731586778,0.6153846153846154,0.5405647032152636,0.5810978688782712,0.6360800929986253,0.6443625358923838,0.0054218230922863375,-0.000890754658722348
M0,1729,audio+vision,early,0.3,715,0.6335664335664336,0.6003974535384574,0.628060406233534,0.6170394200134788,0.6345134385194822,0.634965034965035,0.6041069366043333,0.6306958815677379,0.6114024420802878,0.6401401572027278,-0.0037094830658759292,-0.005636977933190956
M0,2718,audio+vision,early,0.3,715,0.6307692307692307,0.5846602817524914,0.6148351089086143,0.5850616864277167,0.6514378907109494,0.6307692307692307,0.583827235492209,0.6140773458580991,0.5819511721338881,0.6548682405985857,0.0008330462602823552,-0.0031105142938285812
M0,31415,audio+vision,early,0.3,715,0.6153846153846154,0.5482163712010347,0.5863161255043784,0.6312396174716809,0.6361066028165463,0.6195804195804195,0.5559200068579546,0.5922722799813068,0.6258334622750957,0.6384738884296933,-0.007703635656919894,-0.005406155196585161
M1,1729,audio+vision,early,0.3,715,0.6293706293706294,0.5993311394338793,0.6249942312107749,0.5964291707977288,0.6410823753701124,0.6293706293706294,0.6028786026684337,0.6268762919411645,0.5955833967127089,0.6417023997147567,-0.00354746323455446,-0.0008457740850199569
M1,2718,audio+vision,early,0.3,715,0.6181818181818182,0.5502617628658918,0.5880361426244011,0.5868322220370434,0.6450125446132786,0.620979020979021,0.5559972285946772,0.5923110326587361,0.5898580825723173,0.6451064418263757,-0.0057354657287853605,0.003025860535273872
M1,31415,audio+vision,early,0.3,715,0.6181818181818182,0.54598652630755,0.5853848103050912,0.6369708476573477,0.6431856731586778,0.6139860139860139,0.5378656478846294,0.5790820709110562,0.6344819400617462,0.6444499863953108,0.00812087842292053,-0.002488907595601497
M0,1729,audio+vision,middle,0.1,715,0.6335664335664336,0.6003974535384574,0.628060406233534,0.6170394200134788,0.6345134385194822,0.6363636363636364,0.6042929135699998,0.630988724483114,0.6130652528314793,0.6366252807818009,-0.003895460031542397,-0.0039741671819994995
M0,2718,audio+vision,middle,0.1,715,0.6307692307692307,0.5846602817524914,0.6148351089086143,0.5850616864277167,0.6514378907109494,0.6293706293706294,0.5826993239987334,0.6130577183751361,0.5839327289766821,0.6523046981827313,0.0019609577537580414,-0.0011289574510345846
M0,31415,audio+vision,middle,0.1,715,0.6153846153846154,0.5482163712010347,0.5863161255043784,0.6312396174716809,0.6361066028165463,0.6139860139860139,0.5498482281587941,0.5868137611977157,0.6271390539300921,0.6381019482280018,-0.001631856957759359,-0.004100563541588831
M1,1729,audio+vision,middle,0.1,715,0.6293706293706294,0.5993311394338793,0.6249942312107749,0.5964291707977288,0.6410823753701124,0.6293706293706294,0.6008792376703632,0.6260108780728691,0.5948393137838978,0.6419557575505502,-0.0015480982364839413,-0.0015898570138310752
M1,2718,audio+vision,middle,0.1,715,0.6181818181818182,0.5502617628658918,0.5880361426244011,0.5868322220370434,0.6450125446132786,0.6153846153846154,0.5482574517364237,0.5855049490163768,0.5863934463225435,0.6451326639781637,0.0020043111294680838,-0.00043877571449990604
M1,31415,audio+vision,middle,0.1,715,0.6181818181818182,0.54598652630755,0.5853848103050912,0.6369708476573477,0.6431856731586778,0.6181818181818182,0.549235385210995,0.5874458874458874,0.6351032625929407,0.6433909680888574,-0.003248858903445062,-0.0018675850644069847
M0,1729,audio+vision,middle,0.2,715,0.6335664335664336,0.6003974535384574,0.628060406233534,0.6170394200134788,0.6345134385194822,0.6335664335664336,0.6011211705829979,0.6281621818087855,0.6105665446005084,0.6379843762381088,-0.0007237170445404395,-0.006472875412970369
M0,2718,audio+vision,middle,0.2,715,0.6307692307692307,0.5846602817524914,0.6148351089086143,0.5850616864277167,0.6514378907109494,0.6237762237762238,0.5765293268491011,0.6078597114022244,0.5849144588665829,0.6522902022107571,0.00813095490339033,-0.00014722756113383362
M0,31415,audio+vision,middle,0.2,715,0.6153846153846154,0.5482163712010347,0.5863161255043784,0.6312396174716809,0.6361066028165463,0.6181818181818182,0.5535469870546024,0.5905953641802698,0.6256439050555334,0.638786583637693,-0.005330615853567644,-0.005595712416147536
M1,1729,audio+vision,middle,0.2,715,0.6293706293706294,0.5993311394338793,0.6249942312107749,0.5964291707977288,0.6410823753701124,0.6405594405594406,0.6155334982682964,0.6393676525740952,0.5951601552132231,0.6419535608846691,-0.01620235883441712,-0.0012690155845057616
M1,2718,audio+vision,middle,0.2,715,0.6181818181818182,0.5502617628658918,0.5880361426244011,0.5868322220370434,0.6450125446132786,0.6167832167832168,0.5507509297155494,0.5877523123660385,0.5878557420115905,0.6443425570654778,-0.0004891668496576074,0.0010235199745470824
M1,31415,audio+vision,middle,0.2,715,0.6181818181818182,0.54598652630755,0.5853848103050912,0.6369708476573477,0.6431856731586778,0.6181818181818182,0.549235385210995,0.5874458874458874,0.6354445152333124,0.6426439203821892,-0.003248858903445062,-0.001526332424035326
M0,1729,audio+vision,middle,0.3,715,0.6335664335664336,0.6003974535384574,0.628060406233534,0.6170394200134788,0.6345134385194822,0.627972027972028,0.596404585796555,0.6230322615843042,0.6096146401291439,0.6383632996160148,0.003992867741902439,-0.007424779884334876
M0,2718,audio+vision,middle,0.3,715,0.6307692307692307,0.5846602817524914,0.6148351089086143,0.5850616864277167,0.6514378907109494,0.627972027972028,0.582466890937171,0.6128646305588228,0.5848863712300293,0.6517475519498009,0.0021933908153204396,-0.0001753151976874312
M0,31415,audio+vision,middle,0.3,715,0.6153846153846154,0.5482163712010347,0.5863161255043784,0.6312396174716809,0.6361066028165463,0.6181818181818182,0.5534752422369725,0.590279576226017,0.6250247729219288,0.638469858741414,-0.005258871035937807,-0.006214844549752074
M1,1729,audio+vision,middle,0.3,715,0.6293706293706294,0.5993311394338793,0.6249942312107749,0.5964291707977288,0.6410823753701124,0.6405594405594406,0.6147523200192139,0.6392662364021818,0.5946418975063085,0.6413403675931063,-0.015421180585334593,-0.001787273291420366
M1,2718,audio+vision,middle,0.3,715,0.6181818181818182,0.5502617628658918,0.5880361426244011,0.5868322220370434,0.6450125446132786,0.620979020979021,0.5567443059296163,0.5932050502360601,0.5896312806017736,0.6427912278139881,-0.006482543063724533,0.0027990585647301724
M1,31415,audio+vision,middle,0.3,715,0.6181818181818182,0.54598652630755,0.5853848103050912,0.6369708476573477,0.6431856731586778,0.6167832167832168,0.5484385571342093,0.5866391956510534,0.6362722737441113,0.6407656678521144,-0.002452030826659346,-0.0006985739132363555
M0,1729,audio+vision,late,0.1,715,0.6335664335664336,0.6003974535384574,0.628060406233534,0.6170394200134788,0.6345134385194822,0.634965034965035,0.6026944458946697,0.6296739471068168,0.6160944940199933,0.6351340044119043,-0.0022969923562122796,-0.0009449259934855014
M0,2718,audio+vision,late,0.1,715,0.6307692307692307,0.5846602817524914,0.6148351089086143,0.5850616864277167,0.6514378907109494,0.6293706293706294,0.5835824750296454,0.6138756971625039,0.58522027719691,0.651398160349614,0.0010778067228459642,0.00015859076919333415
M0,31415,audio+vision,late,0.1,715,0.6153846153846154,0.5482163712010347,0.5863161255043784,0.6312396174716809,0.6361066028165463,0.6167832167832168,0.5517562486988256,0.588983596145946,0.6305642508966783,0.6368779096604515,-0.003539877497790833,-0.0006753665750025561
M1,1729,audio+vision,late,0.1,715,0.6293706293706294,0.5993311394338793,0.6249942312107749,0.5964291707977288,0.6410823753701124,0.6293706293706294,0.6024745682541531,0.6271062634949994,0.5971506285044801,0.6402205995865535,-0.0031434288202738525,0.0007214577067512495
M1,2718,audio+vision,late,0.1,715,0.6181818181818182,0.5502617628658918,0.5880361426244011,0.5868322220370434,0.6450125446132786,0.620979020979021,0.5542370740074226,0.591556542159105,0.5877379886415246,0.6441397027637719,-0.003975311141530824,0.0009057666044811619
M1,31415,audio+vision,late,0.1,715,0.6181818181818182,0.54598652630755,0.5853848103050912,0.6369708476573477,0.6431856731586778,0.6139860139860139,0.5426836848250093,0.5820701874998934,0.6392927713767085,0.6425785617142485,0.003302841482540675,0.0023219237193607967
M0,1729,audio+vision,late,0.2,715,0.6335664335664336,0.6003974535384574,0.628060406233534,0.6170394200134788,0.6345134385194822,0.6335664335664336,0.6027020618989561,0.6292224428212925,0.6132434129770324,0.6365256889841087,-0.0023046083604987277,-0.003796007036446336
M0,2718,audio+vision,late,0.2,715,0.6307692307692307,0.5846602817524914,0.6148351089086143,0.5850616864277167,0.6514378907109494,0.6293706293706294,0.5848569305784334,0.6147088607069418,0.5851695424680097,0.651310982247293,-0.00019664882594194744,0.00010785604029295293
M0,31415,audio+vision,late,0.2,715,0.6153846153846154,0.5482163712010347,0.5863161255043784,0.6312396174716809,0.6361066028165463,0.6125874125874126,0.548694292533285,0.5857221751871425,0.6301278312159767,0.6372527845771606,-0.0004779213322503306,-0.0011117862557041835
M1,1729,audio+vision,late,0.2,715,0.6293706293706294,0.5993311394338793,0.6249942312107749,0.5964291707977288,0.6410823753701124,0.6251748251748251,0.6003483342277961,0.6241649947777739,0.5977194665084509,0.6393956887311678,-0.0010171947939168202,0.0012902957107220336
M1,2718,audio+vision,late,0.2,715,0.6181818181818182,0.5502617628658918,0.5880361426244011,0.5868322220370434,0.6450125446132786,0.620979020979021,0.5558380286980693,0.5925781390122161,0.5893748957445597,0.6425653000735334,-0.005576265832177518,0.002542673707516263
M1,31415,audio+vision,late,0.2,715,0.6181818181818182,0.54598652630755,0.5853848103050912,0.6369708476573477,0.6431856731586778,0.6153846153846154,0.5451855832037124,0.5840985819244822,0.6398585603539865,0.6418107329442347,0.0008009431038376036,0.002887712696638789
M0,1729,audio+vision,late,0.3,715,0.6335664335664336,0.6003974535384574,0.628060406233534,0.6170394200134788,0.6345134385194822,0.6377622377622377,0.6066641293935149,0.6330027953214286,0.6106038829384997,0.6379034151940205,-0.006266675855057469,-0.006435537074979125
M0,2718,audio+vision,late,0.3,715,0.6307692307692307,0.5846602817524914,0.6148351089086143,0.5850616864277167,0.6514378907109494,0.6293706293706294,0.5852682062317508,0.6149802028284073,0.5844732036459149,0.6519993555805733,-0.0006079244792593919,-0.0005884827818017913
M0,31415,audio+vision,late,0.3,715,0.6153846153846154,0.5482163712010347,0.5863161255043784,0.6312396174716809,0.6361066028165463,0.6139860139860139,0.5485635463115266,0.5859159182742564,0.6297350098344764,0.6378634839541797,-0.0003471751104918708,-0.0015046076372045025
M1,1729,audio+vision,late,0.3,715,0.6293706293706294,0.5993311394338793,0.6249942312107749,0.5964291707977288,0.6410823753701124,0.6237762237762238,0.6002955491126799,0.6236966058135892,0.5973448931337236,0.6391720801186376,-0.0009644096788006262,0.0009157223359947952
M1,2718,audio+vision,late,0.3,715,0.6181818181818182,0.5502617628658918,0.5880361426244011,0.5868322220370434,0.6450125446132786,0.620979020979021,0.5605301197979787,0.5955791462752703,0.5901090384031145,0.6431404062123931,-0.010268356932086942,0.0032768163660710226
M1,31415,audio+vision,late,0.3,715,0.6181818181818182,0.54598652630755,0.5853848103050912,0.6369708476573477,0.6431856731586778,0.6195804195804195,0.5547080870877785,0.5915258967757242,0.6400807419350579,0.6415418217404643,-0.008721560780228566,0.0031098942777102456
