id,raw_video,source_exists,raw_size_bytes,verified_duration_s,old_manifest_duration_s,nominal_fps,n_video_frames_decoded,orig_audio_sr,orig_audio_channels,label,annotation,text_alignment_status,n_words,n_alignable,n_words_resolved,text_P_bins,text_O_bins,audio_P_bins,audio_O_bins,vision_P_bins,vision_O_bins,finite_all,po_consistent,npz_sha256,text_alignment_state,text_content_present,text_word_content_count,text_P_unknown_bins,text_O_unknown_bins,text_feature_dim,audio_feature_dim,vision_feature_dim,common_bins,text_verified_bins,text_unknown_bins,audio_valid_bins,vision_valid_bins,audio_pcm_end_s,video_coverage_end_s,audio_lld_frame_count,source_map_sha256
-3g5yACwYnA$_$13,E题数据/附件1-数据集原始多模态样本/MOSEI数据集部分原始视频-100条/-3g5yACwYnA/13.mp4,1,1052449,5.513997,8.767,30.0,163,44100,2,0.6666666865348816,Positive,VERIFIED,18,17,15,36,36,49,49,50,50,1,1,cc3a1b41294ac090570e2695100e95e7353f431fd5bcc5d6d3178790e33cbc7f,1,1,18,14,14,768,25,1404,50,36,14,49,50,5.399125,5.5,535,4f92a38394e2b63990e52d33fce3b9626811cb9955a9232e6967b241ad025f0f
-3g5yACwYnA$_$2,E题数据/附件1-数据集原始多模态样本/MOSEI数据集部分原始视频-100条/-3g5yACwYnA/2.mp4,1,1752558,9.39401,14.234,30.0,278,44100,2,0.0,Neutral,VERIFIED,17,16,14,20,20,50,50,50,50,1,1,2cda538e6cdc0c276568cc9d5c90360eeecbb89e3281bff90d49a8395670c2a2,1,1,17,30,30,768,25,1404,50,20,30,50,50,9.2313125,9.366666666666667,919,77f5f8309074eb881d3944f0984ff211081eef64c5146cbc002a328c154a446c
-3g5yACwYnA$_$3,E题数据/附件1-数据集原始多模态样本/MOSEI数据集部分原始视频-100条/-3g5yACwYnA/3.mp4,1,2322206,14.388997,19.273,30.0,431,44100,2,0.0,Neutral,VERIFIED,36,33,31,35,35,50,50,50,50,1,1,cea2bf788f52f2e992f4697e907cafbd12ac9d81c026ae9f1642741bbe9529e9,1,1,36,15,15,768,25,1404,50,35,15,50,50,14.327875,14.366666666666667,1428,249b674587be074ae9198ef02cc18b5622d80af2a40c4fc9beb461251aca8e75
-3g5yACwYnA$_$9,E题数据/附件1-数据集原始多模态样本/MOSEI数据集部分原始视频-100条/-3g5yACwYnA/9.mp4,1,1938491,8.816992,16.234,30.0,263,44100,2,0.6666666865348816,Positive,VERIFIED,28,23,22,34,34,50,50,50,50,1,1,8210407ee1ec8b9c37f51f2db965c7f0400e75d1a0529b055be2a9128093ebac,1,1,28,16,16,768,25,1404,50,34,16,50,50,8.696125,8.8,865,7c34d0ae184112f05806c825122a9f1f6e98371585a27c6d92b8d199daa03a0e
-3nNcZdcdvU$_$5,E题数据/附件1-数据集原始多模态样本/MOSEI数据集部分原始视频-100条/-3nNcZdcdvU/5.mp4,1,336985,7.867969,10.937,30.0,236,44100,1,0.0,Neutral,VERIFIED,19,18,18,40,40,50,50,50,50,1,1,e5d8976299eb85e0b239fa7667139ab1121cd6286cde347df6536bd5b15319b0,1,1,19,10,10,768,25,1404,50,40,10,50,50,7.7885625,7.866666666666666,774,8a7fa36485911835828dd68379fb2cd984ba08d591dbb9315a6b3a723b66bcbf
-571d8cVauQ$_$0,E题数据/附件1-数据集原始多模态样本/MOSEI数据集部分原始视频-100条/-571d8cVauQ/0.mp4,1,259577,5.066667,5.167,30.0,152,44100,2,0.0,Neutral,VERIFIED,14,12,12,34,34,50,50,50,49,1,1,712b469a7c49eb84348a1d4fc70f540cd3e3293873cf1770a7d1f4efdf49a5b2,1,1,14,16,16,768,25,1404,50,34,16,50,49,4.9923125,5.166666666666667,495,c456c10f8b89df415c58143bbf977c984ba1878549d554bad2a4f68e165b5f2f
-571d8cVauQ$_$5,E题数据/附件1-数据集原始多模态样本/MOSEI数据集部分原始视频-100条/-571d8cVauQ/5.mp4,1,813771,15.272982,18.5,30.0,455,44100,2,0.3333333432674408,Positive,VERIFIED,51,45,45,43,43,50,50,50,50,1,1,94237a969c3e06fea3aeb32944fb4c135efabd39a1e2a2c78d3a1b3720af9981,1,1,51,7,7,768,25,1404,50,43,7,50,50,15.11525,15.266666666666666,1507,9e1d20b7b1ba2af8425a91eed4c9e3c1fc3430e6eb1aae68019ac3106641ffbf
-6rXp3zJ3kc$_$8,E题数据/附件1-数据集原始多模态样本/MOSEI数据集部分原始视频-100条/-6rXp3zJ3kc/8.mp4,1,567350,12.805013,16.58,30.0,384,44100,2,-1.0,Negative,VERIFIED,37,36,36,40,40,50,50,50,50,1,1,944c5eb87f20d07dad3b2ebdd7d7d2231f1fb0c6026c4b0b359e929abc23ad45,1,1,37,10,10,768,25,1404,50,40,10,50,50,12.738,12.8,1269,1cee6730aa656291e5e299209408dbdbb670b125d1eab2d302828c895e6e3e95
-9y-fZ3swSY$_$0,E题数据/附件1-数据集原始多模态样本/MOSEI数据集部分原始视频-100条/-9y-fZ3swSY/0.mp4,1,965453,6.833333,6.9,30.0,205,44100,2,1.0,Positive,VERIFIED,28,23,19,37,37,50,50,50,50,1,1,eb19819dcf12ebcbad095c9a799439e6b6f1dd4bb567083ef2a1bcbee066a66a,1,1,28,13,13,768,25,1404,50,37,13,50,50,6.757,6.8999999999999995,671,cb9d1933e5a27ebfacec679f2be9a28ca2c9237dffc021c81c3cf3d7fb426f31
-9y-fZ3swSY$_$4,E题数据/附件1-数据集原始多模态样本/MOSEI数据集部分原始视频-100条/-9y-fZ3swSY/4.mp4,1,1486121,2.821029,9.334,30.0,81,44100,2,0.0,Neutral,UNRESOLVED,11,10,6,0,0,48,48,48,48,1,1,c87b564ce67ecdfe19a8dec4f52b17f93e9a46618c956c41c4399ad2ad53bb9e,2,1,11,50,50,768,25,1404,50,0,50,48,48,2.6648125,2.8,262,c345b26fad8440ea37e2933e78274caba0e62cccf4288d43778484c9a0618265
-9y-fZ3swSY$_$8,E题数据/附件1-数据集原始多模态样本/MOSEI数据集部分原始视频-100条/-9y-fZ3swSY/8.mp4,1,1715052,4.988997,10.775,30.0,149,44100,2,1.6666666269302368,Positive,VERIFIED,14,13,12,35,35,50,50,50,46,1,1,032cf96acae62b26195433880f355c2a2d314baeae80bf4c3f23a46dcc24ea6d,1,1,14,15,15,768,25,1404,50,35,15,50,46,4.917,4.966666666666667,487,6ead1156f1b57889dd046e49d529fa7ab13de75de0bf163b088fa1d96b0631ed
-AUZQgSxyPQ$_$2,E题数据/附件1-数据集原始多模态样本/MOSEI数据集部分原始视频-100条/-AUZQgSxyPQ/2.mp4,1,4550251,22.511003,27.3,30.0,674,44100,2,0.6666666865348816,Positive,VERIFIED,46,41,39,45,45,50,50,50,50,1,1,22f5d77e47249b7414520e822977dc46c164dcdb191ba8ac89cd227487789e96,1,1,46,5,5,768,25,1404,50,45,5,50,50,22.4045625,22.5,2236,94e87bcdb2df9679ac28b502933148edb347794138aed7e6de8395e16306d25d
-HeZS2-Prhc$_$2,E题数据/附件1-数据集原始多模态样本/MOSEI数据集部分原始视频-100条/-HeZS2-Prhc/2.mp4,1,896960,8.261979,15.834,30.0,246,44100,1,0.6666666865348816,Positive,VERIFIED,17,16,16,33,33,50,50,50,50,1,1,969319833820c05b105418ac4d69b517b1bd849bf2fdd85a96323e20c5a6e80f,1,1,17,17,17,768,25,1404,50,33,17,50,50,8.150875,8.233333333333333,811,c5c7854db9fb325fd5594d5ad07e9252d9f46c3b161e7dfb755e965b2f3a349f
-HwX2H8Z4hY$_$2,E题数据/附件1-数据集原始多模态样本/MOSEI数据集部分原始视频-100条/-HwX2H8Z4hY/2.mp4,1,958873,3.982031,8.151,30.0,119,44100,2,0.0,Neutral,UNRESOLVED,12,7,4,0,0,50,50,50,12,1,1,ba0d6598282daa85d931288e87c86bc600e4234186350f03b6ffeb7538f8b8a7,2,1,12,50,50,768,25,1404,50,0,50,50,12,3.9158125,3.9666666666666663,387,7ce576c0c1198a0cccf7186cbb5b679145cd66247e62eb518066e736a9dbcf23
-HwX2H8Z4hY$_$5,E题数据/附件1-数据集原始多模态样本/MOSEI数据集部分原始视频-100条/-HwX2H8Z4hY/5.mp4,1,1617346,5.652995,11.467,30.0,168,44100,2,-1.0,Negative,VERIFIED,10,9,9,38,38,50,50,50,18,1,1,2f5d376f8ce15ebb1229842598ad84f962110211da281814eea8d920b9c03870,1,1,10,12,12,768,25,1404,50,38,12,50,18,5.5440625,5.633333333333333,550,35beb49fdc1e6fb0fb0c6300ae37485056ef5b30c7472400b63f203cf555872d
-HwX2H8Z4hY$_$6,E题数据/附件1-数据集原始多模态样本/MOSEI数据集部分原始视频-100条/-HwX2H8Z4hY/6.mp4,1,978678,3.358008,6.767,30.0,99,44100,2,0.0,Neutral,VERIFIED,8,7,7,29,29,49,49,50,32,1,1,1c190ba17fa9dcf976ec93310f8fb8283512f36de3ad657b2bce374080fc8638,1,1,8,21,21,768,25,1404,50,29,21,49,32,3.256,3.333333333333333,321,e8a030db122b82971e6319fc4483acd44614cc31f4a65214de2ea425daf484ab
-HwX2H8Z4hY$_$9,E题数据/附件1-数据集原始多模态样本/MOSEI数据集部分原始视频-100条/-HwX2H8Z4hY/9.mp4,1,981914,7.733984,11.434,30.0,232,44100,2,-0.3333333432674408,Negative,VERIFIED,24,24,21,43,43,50,50,50,0,1,1,8f1540e772a41bb482f55029b2b12aa6104533e410459ee6dcf52d133f0be2e6,1,1,24,7,7,768,25,1404,50,43,7,50,0,7.6363125,7.733333333333333,759,8ac1b353877a081be3e26ec983019cbb9b7cd065781163a6b78faa09454a3fc9
-I_e4mIh0yE$_$1,E题数据/附件1-数据集原始多模态样本/MOSEI数据集部分原始视频-100条/-I_e4mIh0yE/1.mp4,1,487464,7.622005,10.767,30.0,225,44100,2,-0.6666666865348816,Negative,VERIFIED,21,20,20,35,35,49,49,50,50,1,1,d070bbce637e9884e9fb4fe80fcb0a9f1a0ecc20293604ae433dcf873dbaa544,1,1,21,15,15,768,25,1404,50,35,15,49,50,7.4443125,7.6,740,ebee3aa4017f2915013927ebb2bd3b8a6bf618e95685866cdfccd5621eb44c27
-I_e4mIh0yE$_$3,E题数据/附件1-数据集原始多模态样本/MOSEI数据集部分原始视频-100条/-I_e4mIh0yE/3.mp4,1,425914,9.163021,9.3,30.0,271,44100,2,0.6666666865348816,Positive,VERIFIED,29,26,24,35,35,50,50,50,50,1,1,b61d39a4b98659798fccccb7260222b5fb19f7e62c1811c378b1ef8cea1628a9,1,1,29,15,15,768,25,1404,50,35,15,50,50,8.994375,9.133333333333333,895,64ff14480abb9d3c46cf1381b19e918f4de16f6ec5b00c0eff04bb0fb240dab9
-MeTTeMJBNc$_$0,E题数据/附件1-数据集原始多模态样本/MOSEI数据集部分原始视频-100条/-MeTTeMJBNc/0.mp4,1,350827,9.3,9.334,30.0,279,44100,2,0.3333333432674408,Positive,VERIFIED,26,23,22,39,39,50,50,50,50,1,1,4cdae7071e362712f9b2cf796df155196ece321aea644f9a045d1e133376a8ea,1,1,26,11,11,768,25,1404,50,39,11,50,50,9.2183125,9.333333333333334,917,07bc0ad72d6cfca2c6e689ce4852c0adbff6d40d0f3abf3d9b499d0f46e4083c
-MeTTeMJBNc$_$13,E题数据/附件1-数据集原始多模态样本/MOSEI数据集部分原始视频-100条/-MeTTeMJBNc/13.mp4,1,271826,5.430013,7.467,30.0,159,44100,2,0.3333333432674408,Positive,VERIFIED,16,14,14,34,34,49,49,50,50,1,1,11f9be240c266d855e4dd31bb8b34e6c1c719b5c22bc363624594eb394b7fb69,1,1,16,16,16,768,25,1404,50,34,16,49,50,5.2555,5.3999999999999995,521,91d0efae56a3dc3fa568e92d1f8bfff01fe2bfa72d8690a91093f1c5b31d69c4
-MeTTeMJBNc$_$7,E题数据/附件1-数据集原始多模态样本/MOSEI数据集部分原始视频-100条/-MeTTeMJBNc/7.mp4,1,632477,10.516992,17.367,30.0,314,44100,2,1.3333333730697632,Positive,VERIFIED,33,31,31,43,43,50,50,50,50,1,1,85b6dc75f5da75d5ea3267fce3c2982bd84a7f262caa4ab510c9921feb3d9510,1,1,33,7,7,768,25,1404,50,43,7,50,50,10.4113125,10.5,1037,e48ef79f184b5e54a3c0902c21933e9f2424ae38f1c98a5239e286c82e8d1c5c
-NFrJFQijFE$_$1,E题数据/附件1-数据集原始多模态样本/MOSEI数据集部分原始视频-100条/-NFrJFQijFE/1.mp4,1,1024510,5.746,9.12,25.0,142,44100,2,0.3333333432674408,Positive,UNRESOLVED,16,16,0,0,0,50,50,50,0,1,1,61691733bafb87b94a800c312e13cab699dcd71c7738707ba22fa2a4b8cbe64b,2,1,16,50,50,768,25,1404,50,0,50,50,0,5.658875,5.72,561,30b19132f6ff2f4dc8f01b472974111920658fc99dcf598e560af9cdb25dbd84
-NFrJFQijFE$_$2,E题数据/附件1-数据集原始多模态样本/MOSEI数据集部分原始视频-100条/-NFrJFQijFE/2.mp4,1,1452918,6.856,9.76,25.0,169,44100,2,0.0,Neutral,UNRESOLVED,18,18,4,0,0,49,49,50,0,1,1,8807e57457f1a131af891fed651ef327a63341815ca4814d1e4d7e4bbe75c5e2,2,1,18,50,50,768,25,1404,50,0,50,49,0,6.6983125,6.84,665,80a96add5078151d314cb587faaf1cd0d4010c515f0b9ec24b3bb38ab60ca2b8
-RfYyzHpjk4$_$11,E题数据/附件1-数据集原始多模态样本/MOSEI数据集部分原始视频-100条/-RfYyzHpjk4/11.mp4,1,2061678,5.238997,11.7,30.0,154,44100,2,2.0,Positive,VERIFIED,19,17,17,35,35,49,49,50,50,1,1,7e7b95a3ca4a22f83c8c7ee61baba4cb43218246076e3a8497d61588fe718019,1,1,19,15,15,768,25,1404,50,35,15,49,50,5.074875,5.233333333333333,503,b11acbe94eed2a023882ff7395e2972f1f8e5dbbd9a1bf5a52a3d0a9cf506280
-RfYyzHpjk4$_$2,E题数据/附件1-数据集原始多模态样本/MOSEI数据集部分原始视频-100条/-RfYyzHpjk4/2.mp4,1,1138330,5.516016,6.234,30.0,164,44100,2,0.3333333432674408,Positive,VERIFIED,29,27,23,37,37,49,49,50,49,1,1,a0a8aa9212b7ad6f6074eaf942484cfbe3ded70863ec3f6bae362df91d32c7f0,1,1,29,13,13,768,25,1404,50,37,13,49,49,5.3918125,5.5,535,424156811ba04e7e91fcfcbda631561f428c3487aaa12a7fdfbfbf8343404f7f
-RfYyzHpjk4$_$8,E题数据/附件1-数据集原始多模态样本/MOSEI数据集部分原始视频-100条/-RfYyzHpjk4/8.mp4,1,2256195,4.588997,11.657,30.0,137,44100,2,0.3333333432674408,Positive,VERIFIED,21,19,18,39,39,50,50,50,50,1,1,816bc1aa56ab81547099fcacb1ebe885245c64dc34f20b7c058646fb11c456d7,1,1,21,11,11,768,25,1404,50,39,11,50,50,4.532375,4.566666666666666,449,45a63ac2a1caec9e4b7fefaa8c6fa93aed7fd7731fb022c60ae7f72f3d11627c
-THoVjtIkeU$_$12,E题数据/附件1-数据集原始多模态样本/MOSEI数据集部分原始视频-100条/-THoVjtIkeU/12.mp4,1,1262553,14.896029,18.8,30.0,445,44100,2,2.0,Positive,VERIFIED,42,39,39,45,45,50,50,50,50,1,1,d2442fe33cecd0121f59363edd9d7e359b155b4583214112d105d68ef54e1f70,1,1,42,5,5,768,25,1404,50,45,5,50,50,14.8055625,14.866666666666667,1476,5cc6b161499b03b0c3a130ff6036c3bf183253a520eed16cdaf4933ec69ff573
-THoVjtIkeU$_$2,E题数据/附件1-数据集原始多模态样本/MOSEI数据集部分原始视频-100条/-THoVjtIkeU/2.mp4,1,347917,4.291992,4.644,30.0,128,44100,2,1.3333333730697632,Positive,VERIFIED,11,10,10,35,35,50,50,50,50,1,1,2eb3f7eccc6e1b3108c1e9a8883fd7a01aec9952b80ef09640300d3267d467ae,1,1,11,15,15,768,25,1404,50,35,15,50,50,4.230875,4.266666666666667,419,ea6a4c7cdefc4140a609163ce083ca1a789150da54f517ce2ca769d1f9bf40f8
-THoVjtIkeU$_$6,E题数据/附件1-数据集原始多模态样本/MOSEI数据集部分原始视频-100条/-THoVjtIkeU/6.mp4,1,801802,8.097005,11.067,30.0,241,44100,2,2.6666667461395264,Positive,VERIFIED,32,30,28,41,41,50,50,50,50,1,1,b74c06bf86515b829c497c615b0208ea2f045ab3c981875e171eedd394c0903d,1,1,32,9,9,768,25,1404,50,41,9,50,50,7.982875,8.066666666666666,794,ec16be1c67ac19ca5aeda9a12674ec7cc62ec3d404d3d16bc527ba69f82a5f28
-UUCSKoHeMA$_$0,E题数据/附件1-数据集原始多模态样本/MOSEI数据集部分原始视频-100条/-UUCSKoHeMA/0.mp4,1,286208,7.8,7.867,30.0,234,44100,2,0.0,Neutral,VERIFIED,22,20,17,33,33,50,50,50,50,1,1,57ded1ac71292b1d69d409e1e881e66a4b788623cf78bea5a149e495746891bb,1,1,22,17,17,768,25,1404,50,33,17,50,50,7.73225,7.866666666666666,769,c702f89470833cc8849d9b6fa4a75b8f2a5eb907d97a1672de9b4c5214e895f7
-UacrmKiTn4$_$10,E题数据/附件1-数据集原始多模态样本/MOSEI数据集部分原始视频-100条/-UacrmKiTn4/10.mp4,1,486491,7.361979,12.634,30.0,218,44100,2,-0.6666666865348816,Negative,VERIFIED,22,20,20,37,37,50,50,50,50,1,1,ed5f4452164a332deee111359def34ac16dadddb2d7dda394cf8057a02c43919,1,1,22,13,13,768,25,1404,50,37,13,50,50,7.2420625,7.333333333333333,720,ddd3bd967e8385d5c48c8ea666a2a50ffd28c80f263ac9d1a7f435d4dfa8cdae
-UacrmKiTn4$_$4,E题数据/附件1-数据集原始多模态样本/MOSEI数据集部分原始视频-100条/-UacrmKiTn4/4.mp4,1,249701,4.741016,6.223,30.0,142,44100,2,-1.3333333730697632,Negative,VERIFIED,15,14,14,39,39,50,50,50,50,1,1,50a2c261e55d0d8b459ddf8ba77901ea8c531a494674359a8c8545dfbc5e70fb,1,1,15,11,11,768,25,1404,50,39,11,50,50,4.6819375,4.733333333333333,464,7c8886bf36ed4a9135b221d1cd2af0e092ad6fbe18db07bc5bc849d6b7073ad8
-UuX1xuaiiE$_$0,E题数据/附件1-数据集原始多模态样本/MOSEI数据集部分原始视频-100条/-UuX1xuaiiE/0.mp4,1,654518,3.633333,3.7,30.0,109,44100,2,2.6666667461395264,Positive,UNRESOLVED,12,11,8,0,0,50,50,50,24,1,1,f4bdaffa26229c39c673fef20bec9c23ba8feae8b96422747c353df570d75e26,2,1,12,50,50,768,25,1404,50,0,50,50,24,3.575875,3.6999999999999997,353,71cb4c9103f80aab72c355a3366822b4624c070a1f86dbb5dd92cc124137d7d2
-UuX1xuaiiE$_$1,E题数据/附件1-数据集原始多模态样本/MOSEI数据集部分原始视频-100条/-UuX1xuaiiE/1.mp4,1,2032933,10.35,13.434,30.0,309,44100,2,1.6666666269302368,Positive,VERIFIED,33,29,28,42,42,50,50,50,3,1,1,d471f24eea71413beda5ab9a8d71d9009f8b011ad297a70f3c9b866feb8291ed,1,1,33,8,8,768,25,1404,50,42,8,50,3,10.2675,10.333333333333334,1022,21af09127572a86e61406ff934cc79ba435eee951b7c5ff5fe7accb219ba7335
-UuX1xuaiiE$_$3,E题数据/附件1-数据集原始多模态样本/MOSEI数据集部分原始视频-100条/-UuX1xuaiiE/3.mp4,1,1424269,4.130013,10.634,30.0,123,44100,2,0.3333333432674408,Positive,VERIFIED,9,9,8,27,27,49,49,50,50,1,1,114f6c130a5780e4bd21a3ee7d0f1e96a6762c473bf6480726eed5e2f4cca848,1,1,9,23,23,768,25,1404,50,27,23,49,50,4.038375,4.1,399,8fc5718bca196ed9365e2286c2c05abb5029fa4274c2ce1cc373dba746e4b45a
-UuX1xuaiiE$_$6,E题数据/附件1-数据集原始多模态样本/MOSEI数据集部分原始视频-100条/-UuX1xuaiiE/6.mp4,1,1662602,8.113997,15.234,30.0,240,44100,2,-0.3333333432674408,Negative,VERIFIED,23,22,21,38,38,49,49,50,50,1,1,c43b399adb54428ef0129acf6b6544849c7a1656c873fe7ebd0b12f8c18bf0e0,1,1,23,12,12,768,25,1404,50,38,12,49,50,7.9438125,8.1,790,f9eabb951d9dea7cf79ee95e27caa7359acaa5bc25db517f2b1149499bb84337
-a55Q6RWvTA$_$3,E题数据/附件1-数据集原始多模态样本/MOSEI数据集部分原始视频-100条/-a55Q6RWvTA/3.mp4,1,749365,22.153971,22.617,30.0,664,44100,2,0.6666666865348816,Positive,VERIFIED,81,69,65,45,45,50,50,50,49,1,1,fbf22294c8cddaf5ee270ae3b0959f7f323b66903b42b56da484eca44da73d88,1,1,81,5,5,768,25,1404,50,45,5,50,49,22.0833125,22.133333333333336,2204,5cddafd5929d5461c16039bc0424f4137a3275539d770ac5ba7fc8a141cd4e65
-aNfi7CP8vM$_$7,E题数据/附件1-数据集原始多模态样本/MOSEI数据集部分原始视频-100条/-aNfi7CP8vM/7.mp4,1,430559,8.694987,11.334,30.0,257,44100,2,0.0,Neutral,VERIFIED,23,20,19,38,38,50,50,50,50,1,1,69ff44722bec5e746de87a481c1bb8fbac1a24db91855f044aaf2a64c06d3044,1,1,23,12,12,768,25,1404,50,38,12,50,50,8.5376875,8.666666666666666,849,e36bcfc7dc0ffb607e3da264fa99b3da753e84b66a7bf0e41eb8cfb8f0b442bf
-aqamKhZ1Ec$_$0,E题数据/附件1-数据集原始多模态样本/MOSEI数据集部分原始视频-100条/-aqamKhZ1Ec/0.mp4,1,2882018,10.966667,11.0,30.0,329,44100,2,-2.0,Negative,VERIFIED,16,13,13,32,32,50,50,50,50,1,1,af1a6c3bca0844b369ec8f9197d7df4dbfc4d2c73d7d76051c248abaca9cc4e6,1,1,16,18,18,768,25,1404,50,32,18,50,50,10.8901875,11.0,1085,74dcf1f41188106d31469947f3bd1b7668abbd1688bcd6d1d834218f9cd59715
-dxfTGcXJoc$_$0,E题数据/附件1-数据集原始多模态样本/MOSEI数据集部分原始视频-100条/-dxfTGcXJoc/0.mp4,1,771408,20.5,20.534,30.0,615,44100,2,1.0,Positive,VERIFIED,49,38,38,41,41,50,50,50,40,1,1,e30ee33e3693d7850a0b79bc274dc50c94e548dcf6fe419efedfea74485d4028,1,1,49,9,9,768,25,1404,50,41,9,50,40,20.410375,20.533333333333335,2037,178827e1fb103e784576231991f94d5984847e2049d888676f63ff6dbfe98d3a
-dxfTGcXJoc$_$1,E题数据/附件1-数据集原始多模态样本/MOSEI数据集部分原始视频-100条/-dxfTGcXJoc/1.mp4,1,658423,16.161003,19.7,30.0,482,44100,2,1.6666666269302368,Positive,VERIFIED,41,37,37,47,47,50,50,50,50,1,1,1ae41c3b30b1ad02266560b8f5935dae7a7570102ea492d6d892de0e77981f2f,1,1,41,3,3,768,25,1404,50,47,3,50,50,16.018125,16.133333333333336,1597,09061f843dc882ea2e242303b96ee7dff2428f62594a6757d740e305a4d4b543
-dxfTGcXJoc$_$2,E题数据/附件1-数据集原始多模态样本/MOSEI数据集部分原始视频-100条/-dxfTGcXJoc/2.mp4,1,675725,16.697982,19.552,30.0,500,44100,2,0.6666666865348816,Positive,VERIFIED,39,32,32,43,43,50,50,50,50,1,1,df23f6d228b3fc30120f9ed445e74fb858aa18ed4a47b2b354d2980062eb7a83,1,1,39,7,7,768,25,1404,50,43,7,50,50,16.6331875,16.666666666666668,1659,3346b8e6c9f2aa6d03c44f1561e4460c10d556c389758326003731931ce4b7b7
-dxfTGcXJoc$_$6,E题数据/附件1-数据集原始多模态样本/MOSEI数据集部分原始视频-100条/-dxfTGcXJoc/6.mp4,1,428971,12.735026,12.967,30.0,381,44100,2,0.6666666865348816,Positive,VERIFIED,32,29,28,45,45,50,50,50,50,1,1,fabbf207e54474cff665887374ed457d3d4b68f870a2b8f3813c1ca9d801903f,1,1,32,5,5,768,25,1404,50,45,5,50,50,12.6284375,12.733333333333333,1258,ba5c0d7f9742f433e9825b3817fec21dc14120ac62a68893eb5eabd1ff219c34
-egA8-b7-3M$_$1,E题数据/附件1-数据集原始多模态样本/MOSEI数据集部分原始视频-100条/-egA8-b7-3M/1.mp4,1,658247,10.266016,11.534,30.0,306,44100,2,0.6666666865348816,Positive,VERIFIED,22,19,19,33,33,50,50,50,50,1,1,9ea2d3a96ca9bc3b0758bc024f7c0c0e0a9f88c9df1cf4b955ddbdf4477efeab,1,1,22,17,17,768,25,1404,50,33,17,50,50,10.15625,10.233333333333333,1011,bdd9e88aa67b0027e0af9bda4e7a1a6ec7a9881ce1f293345d682dff687e4299
-egA8-b7-3M$_$13,E题数据/附件1-数据集原始多模态样本/MOSEI数据集部分原始视频-100条/-egA8-b7-3M/13.mp4,1,394399,4.183984,6.967,30.0,123,44100,2,0.3333333432674408,Positive,VERIFIED,16,13,13,31,31,49,49,50,50,1,1,a93c0f04e4c0eeef0dbee6fc906a39d5f4936c68b9c0758a3d23616f627d56b5,1,1,16,19,19,768,25,1404,50,31,19,49,50,4.023875,4.166666666666667,398,d22c80a90ad3aa34f57236b661c7dca878e4bf1050b0b8f5a58f8e337b0db68c
-egA8-b7-3M$_$16,E题数据/附件1-数据集原始多模态样本/MOSEI数据集部分原始视频-100条/-egA8-b7-3M/16.mp4,1,391465,5.538021,7.129,30.0,166,44100,2,0.6666666865348816,Positive,VERIFIED,13,11,11,40,40,50,50,50,50,1,1,6f3b872cb0a30b9f981b4f662a75fbdec4c34dc30c198a00f03b9f856a27bc32,1,1,13,10,10,768,25,1404,50,40,10,50,50,5.483,5.533333333333333,544,d6ef0eafc00f4f77e9441ded6c7d3317af6a550f8d1b0baee2cc191cd26e64c9
-egA8-b7-3M$_$17,E题数据/附件1-数据集原始多模态样本/MOSEI数据集部分原始视频-100条/-egA8-b7-3M/17.mp4,1,774900,7.271029,14.0,30.0,215,44100,2,0.3333333432674408,Positive,VERIFIED,19,16,16,32,32,49,49,50,50,1,1,51cd71479f0af9085595c953d5b62b3eb91ac7a82584ef420cdac434ad9351e6,1,1,19,18,18,768,25,1404,50,32,18,49,50,7.09525,7.266666666666667,705,31744cfca303776abc062fb16f99d1ed73bf1d22ff7e081626325225ef26727b
-egA8-b7-3M$_$18,E题数据/附件1-数据集原始多模态样本/MOSEI数据集部分原始视频-100条/-egA8-b7-3M/18.mp4,1,737865,8.386003,13.367,30.0,250,44100,2,1.0,Positive,VERIFIED,27,26,25,39,39,50,50,50,50,1,1,1bc0cfb439e50448ba36299394c07ab84405edbfad735e84531afdb653865a89,1,1,27,11,11,768,25,1404,50,39,11,50,50,8.2656875,8.366666666666667,822,392aeb68460b3a6ad7193b6393c0d06b39ede68dfd141ee77cc58e7018fd70c6
-egA8-b7-3M$_$20,E题数据/附件1-数据集原始多模态样本/MOSEI数据集部分原始视频-100条/-egA8-b7-3M/20.mp4,1,823539,6.644987,14.767,30.0,196,44100,2,0.3333333432674408,Positive,VERIFIED,24,22,22,37,37,49,49,50,50,1,1,44530a28d6cdf51a420e8a51a81a72d12a6269e3adc9e906fdd96b109d7b730f,1,1,24,13,13,768,25,1404,50,37,13,49,50,6.4744375,6.633333333333333,643,29a7a2d48680e6a7568c47e30c97164817ca672607eee0ddeede6dc1518b2580
-egA8-b7-3M$_$26,E题数据/附件1-数据集原始多模态样本/MOSEI数据集部分原始视频-100条/-egA8-b7-3M/26.mp4,1,688886,6.03099,11.5,30.0,179,44100,2,1.6666666269302368,Positive,VERIFIED,18,17,16,37,37,50,50,50,50,1,1,88555b2ab453bb1a085b56be9338c0d1b18f7f36cc59a43bc7e5fc941ac1c44e,1,1,18,13,13,768,25,1404,50,37,13,50,50,5.9205625,6.0,588,99b71d554d310a5caa3deec108b7cb0b344851ebcee7a533e704fde8a627276e
-egA8-b7-3M$_$6,E题数据/附件1-数据集原始多模态样本/MOSEI数据集部分原始视频-100条/-egA8-b7-3M/6.mp4,1,446118,6.264974,8.035,30.0,187,44100,2,0.6666666865348816,Positive,VERIFIED,13,12,12,39,39,50,50,50,50,1,1,986eb491286e67660eead4713f40da6ad8cb1e776842bc9639355d1f25669e44,1,1,13,11,11,768,25,1404,50,39,11,50,50,6.183125,6.233333333333333,614,b7aa71077584897c0aeba989fe642e9c1a4c1216c075b83d67be563cf6ae7282
-egA8-b7-3M$_$9,E题数据/附件1-数据集原始多模态样本/MOSEI数据集部分原始视频-100条/-egA8-b7-3M/9.mp4,1,581652,5.089974,10.134,30.0,150,44100,2,0.3333333432674408,Positive,VERIFIED,12,10,10,37,37,49,49,50,50,1,1,c7debf5c72caef78441114828477acfa952b0ae00630c36f823fc4336725cdc6,1,1,12,13,13,768,25,1404,50,37,13,49,50,4.936125,5.066666666666666,489,4043c315e5c7522471df4e72d5cd98f94bcafcb62e61500947d3c3bf8602c718
-hnBHBN8p5A$_$6,E题数据/附件1-数据集原始多模态样本/MOSEI数据集部分原始视频-100条/-hnBHBN8p5A/6.mp4,1,1661111,6.401,11.429,23.976035631539084,153,44100,2,1.0,Positive,UNRESOLVED,14,13,4,0,0,50,50,50,13,1,1,3ec9385d07449596e5537390c27881aa52fda896502a450b6ee3a1a7888d9e7f,2,1,14,50,50,768,25,1404,50,0,50,50,13,6.3328125,6.38137497972425,629,09204b1fb7fcf3ff49e79738d2291b5064bafdde6f10a58b9ff4cef70a875f0e
-hnBHBN8p5A$_$7,E题数据/附件1-数据集原始多模态样本/MOSEI数据集部分原始视频-100条/-hnBHBN8p5A/7.mp4,1,1409433,7.372,9.176,23.976023976023978,176,44100,2,0.6666666865348816,Positive,UNRESOLVED,17,14,5,0,0,50,50,50,13,1,1,c8439df3f4aebfa768b4482c626d69af31c1ee5d5fa0df7ad0db3d556e4f1a32,2,1,17,50,50,768,25,1404,50,0,50,50,13,7.3085625,7.340663888888889,726,00159c0ff5eed4747697df8ac8de03e9a22e12e6d64da30f20dfff1aa945a805
-iRBcNs9oI8$_$3,E题数据/附件1-数据集原始多模态样本/MOSEI数据集部分原始视频-100条/-iRBcNs9oI8/3.mp4,1,988521,5.621,5.84,29.97002997002997,167,44100,2,0.6666666865348816,Positive,UNRESOLVED,9,8,4,0,0,50,50,50,0,1,1,c93ffd287e4d0539bda0c245dc0d38fb13dd3951805b849e43f289cb7254d66e,2,1,9,50,50,768,25,1404,50,0,50,50,0,5.53825,5.6056,549,ba248aec6dc39ed776044d49f77c72337ae7f57e34bb57b857590511a5a4df9f
-iRBcNs9oI8$_$6,E题数据/附件1-数据集原始多模态样本/MOSEI数据集部分原始视频-100条/-iRBcNs9oI8/6.mp4,1,1286164,2.903,7.475,29.97002997002997,85,44100,2,0.3333333432674408,Positive,UNRESOLVED,5,5,3,0,0,49,49,49,0,1,1,b8871f42c94e975e447685efefaf6c2845a8ec136c2e9ec506240b7436f5c436,2,1,5,50,50,768,25,1404,50,0,50,49,0,2.8204375,2.8695333333333335,278,07a877a8ffce3a1979a4690a12bd6003bd019017b0a54312fdb16b946494c65d
-iRBcNs9oI8$_$7,E题数据/附件1-数据集原始多模态样本/MOSEI数据集部分原始视频-100条/-iRBcNs9oI8/7.mp4,1,980176,4.104,5.806,29.97002997002997,120,44100,2,0.6666666865348816,Positive,UNRESOLVED,15,11,4,0,0,49,49,49,0,1,1,68f0e221c5ea759c6e0d30a443ad66982f712e7abf70033b2d969c75cda6458f,2,1,15,50,50,768,25,1404,50,0,50,49,0,4.00575,4.070733333333333,396,388749b5118b263b943bd4512811dca092e59e74ce9883f123c3c82c882c1a8c
-iRBcNs9oI8$_$8,E题数据/附件1-数据集原始多模态样本/MOSEI数据集部分原始视频-100条/-iRBcNs9oI8/8.mp4,1,1166371,8.093,8.642,29.97002997002997,241,44100,2,1.0,Positive,UNRESOLVED,26,23,10,0,0,50,50,50,0,1,1,dd368e32694419c0f89fa42e4de8ac2ce24d98e05dc982efe6c4bbf1ae18eb44,2,1,26,50,50,768,25,1404,50,0,50,50,0,8.0260625,8.074733333333333,798,7f519616df35b779e1ff5d84dfc6d3dc1514f0cb7f618dc23c78034b7aff6a10
-iRBcNs9oI8$_$9,E题数据/附件1-数据集原始多模态样本/MOSEI数据集部分原始视频-100条/-iRBcNs9oI8/9.mp4,1,1084122,3.416,7.152,29.97002997002997,102,44100,2,1.3333333730697632,Positive,UNRESOLVED,5,5,1,0,0,50,50,50,4,1,1,76ad929434ca2b9914ef5056a364aa8771b7de91bbf5f454022d6b78250b33ff,2,1,5,50,50,768,25,1404,50,0,50,50,4,3.3740625,3.4034,333,eaff19f3ecd4a253e6eb6a606123d0aecc7a0da7b49be1b84f3813893a409cc2
-lzEya4AM_4$_$5,E题数据/附件1-数据集原始多模态样本/MOSEI数据集部分原始视频-100条/-lzEya4AM_4/5.mp4,1,333185,7.675,7.8,30.0,229,44100,2,-0.6666666865348816,Negative,VERIFIED,21,19,17,33,33,50,50,50,50,1,1,6cd02c9932f7fe4fa5bc1189eaf5fd905e5288d8c7a1abe9c51941f68975231e,1,1,21,17,17,768,25,1404,50,33,17,50,50,7.5696875,7.666666666666667,752,83bb8660ad6e836a2699cd4c2b4006a2046f7680501edd5e47fd281f652034d3
-lzEya4AM_4$_$6,E题数据/附件1-数据集原始多模态样本/MOSEI数据集部分原始视频-100条/-lzEya4AM_4/6.mp4,1,1088736,14.791992,22.733,30.0,443,44100,2,-0.3333333432674408,Negative,VERIFIED,46,43,42,42,42,50,50,50,50,1,1,7396363db4982cbbc2f49b9d1b791ffd25acd18d790651d4e3054a92c48fd2ac,1,1,46,8,8,768,25,1404,50,42,8,50,50,14.740375,14.766666666666666,1470,a0e305566c26dbeab65f1135baeecacc19c4a8bcbe3dda3d59f589cfd1d81c6c
-mJ2ud6oKI8$_$1,E题数据/附件1-数据集原始多模态样本/MOSEI数据集部分原始视频-100条/-mJ2ud6oKI8/1.mp4,1,1040138,6.103,6.574,29.97002997002997,182,44100,2,0.0,Neutral,UNRESOLVED,13,13,0,0,0,50,50,50,0,1,1,f0553ab889e86d8655612532b4aee3fe692dab989490c9deb722229556d37a57,2,1,13,50,50,768,25,1404,50,0,50,50,0,6.0545,6.072733333333334,601,21a326af151d50c2d0a3ba2146804f811c6ca39011463efab90d6c07ce23e6c7
-mJ2ud6oKI8$_$2,E题数据/附件1-数据集原始多模态样本/MOSEI数据集部分原始视频-100条/-mJ2ud6oKI8/2.mp4,1,1471617,5.731,6.781,29.97002997002997,171,44100,2,0.0,Neutral,UNRESOLVED,11,11,0,0,0,50,50,50,0,1,1,01d4c4a6936a519381be8a544c26ea3b48d52d28728c14fa8cf3c708d96aa753,2,1,11,50,50,768,25,1404,50,0,50,50,0,5.7016875,5.7057,566,19d9038504729ffdff6293c03a27b0b87dde28b97da756cfafe4c960c15da765
-mJ2ud6oKI8$_$6,E题数据/附件1-数据集原始多模态样本/MOSEI数据集部分原始视频-100条/-mJ2ud6oKI8/6.mp4,1,562692,2.257,2.648,29.97002997002997,67,44100,2,0.3333333432674408,Positive,VERIFIED,5,5,4,34,34,50,50,49,49,1,1,7449ff99cb84bfe00d1d6cefecd367792dd75560d6d9b358b8576052d76b1db0,1,1,5,16,16,768,25,1404,50,34,16,50,49,2.228125,2.2355666666666667,218,0e33d375d3d6f60ac1f6e0baa3ef349f4a5daa14738b29383edb387809d33d07
-mJ2ud6oKI8$_$8,E题数据/附件1-数据集原始多模态样本/MOSEI数据集部分原始视频-100条/-mJ2ud6oKI8/8.mp4,1,1578317,4.192,8.662,29.97002997002997,125,44100,2,-0.3333333432674408,Negative,UNRESOLVED,11,11,4,0,0,50,50,50,50,1,1,91ca30f38dea7e28e3482422fc8a73ee669bab7022b426ace42a544dc33d3d68,2,1,11,50,50,768,25,1404,50,0,50,50,50,4.171375,4.170833333333333,413,ee7039e957051a7150609ef864b2bb842f34c8232bcf8a5d233b866ee5ca5863
-mJ2ud6oKI8$_$9,E题数据/附件1-数据集原始多模态样本/MOSEI数据集部分原始视频-100条/-mJ2ud6oKI8/9.mp4,1,1788453,7.033,10.01,29.97002997002997,208,44100,2,0.0,Neutral,UNRESOLVED,27,26,9,0,0,50,50,50,50,1,1,d8b638a26b644acaf1a24e49c890e24fe4a91c54eb0f0207b7ab6f36da56bdba,2,1,27,50,50,768,25,1404,50,0,50,50,50,6.90875,7.007,686,8619d016ab229e69610bb4f0de9729c8907816018420bb1797ea5602cf05b404
-mqbVkbCndg$_$0,E题数据/附件1-数据集原始多模态样本/MOSEI数据集部分原始视频-100条/-mqbVkbCndg/0.mp4,1,517424,6.466667,6.5,30.0,194,44100,2,0.0,Neutral,VERIFIED,17,14,14,34,34,50,50,50,50,1,1,000f209a33a8f3280193e9cfa4ec22867103b571ee71d20214ca40be3f978deb,1,1,17,16,16,768,25,1404,50,34,16,50,50,6.3855,6.5,634,8bba1bd0cf5cd634ca9e4bb5c4e69efc4e83b6882ae04a5ec9e8b6eb47330a00
-qDkUB0GgYY$_$6,E题数据/附件1-数据集原始多模态样本/MOSEI数据集部分原始视频-100条/-qDkUB0GgYY/6.mp4,1,404331,4.677995,9.683,30.0,140,44100,1,1.3333333730697632,Positive,VERIFIED,18,16,14,30,30,50,50,50,50,1,1,53abf65ff665da67ddd39e29789426b26099ef845781bbac6ebd7885b0e1ba31,1,1,18,20,20,768,25,1404,50,30,20,50,50,4.6146875,4.666666666666667,457,ae1398630382d0c0c5f35db738ec11154e3a1b6d9d7b0881b9b57bc15d56710e
-ri04Z7vwnc$_$0,E题数据/附件1-数据集原始多模态样本/MOSEI数据集部分原始视频-100条/-ri04Z7vwnc/0.mp4,1,188321,2.807,3.295,23.97604418875992,67,44100,2,0.0,Neutral,UNRESOLVED,8,8,0,0,0,50,50,50,0,1,1,6390538c4f8930ac70296c7ae63d7382b5790a13e628c01ae249b0f0ff06ffe8,2,1,8,50,50,768,25,1404,50,0,50,50,0,2.76325,2.794463853727145,272,b12fac9f2697a84a3da8834307f0bae8565d9ac76c1da7e2d0cd236deecc21f9
-ri04Z7vwnc$_$2,E题数据/附件1-数据集原始多模态样本/MOSEI数据集部分原始视频-100条/-ri04Z7vwnc/2.mp4,1,460082,6.027,6.966,23.976043214651384,143,44100,2,-0.3333333432674408,Negative,UNRESOLVED,26,22,3,0,0,50,50,50,18,1,1,86e064c3cf7847afa68a3fb68f88f4c8fb7e6708ae1cf9102fb1bf11c8199025,2,1,26,50,50,768,25,1404,50,0,50,50,18,5.913375,6.005997188755019,587,f9532d39151cb7f808574a03cd1b4e61eb6271f1963955f668b4dae177acfe75
-ri04Z7vwnc$_$5,E题数据/附件1-数据集原始多模态样本/MOSEI数据集部分原始视频-100条/-ri04Z7vwnc/5.mp4,1,550439,3.545,5.965,23.976046466253432,83,44100,2,0.3333333432674408,Positive,UNRESOLVED,11,10,2,0,0,49,49,49,49,1,1,2e040580effc55b15b5adc0f47ca4f547521be5055272df68a72a31a2c87c8df,2,1,11,50,50,768,25,1404,50,0,50,49,49,3.43975,3.503508294209703,339,6c94ca2d6d2e1aa3372a2fe618287edbd04a0f41560c281955f69ad381d17aa9
-s9qJ7ATP7w$_$0,E题数据/附件1-数据集原始多模态样本/MOSEI数据集部分原始视频-100条/-s9qJ7ATP7w/0.mp4,1,890272,6.8,6.867,30.0,204,44100,2,-0.3333333432674408,Negative,VERIFIED,28,24,23,38,38,50,50,50,50,1,1,c56e8ab1074d67df14a822ae04b4935acab1cd8fad9866c5257aab0c3b6d2fbb,1,1,28,12,12,768,25,1404,50,38,12,50,50,6.7105625,6.866666666666666,667,7433037ced7adcd882b155c8101386f92fd0dd3154869296af571ee5d79b37ad
-s9qJ7ATP7w$_$1,E题数据/附件1-数据集原始多模态样本/MOSEI数据集部分原始视频-100条/-s9qJ7ATP7w/1.mp4,1,1431603,4.791992,10.9,30.0,140,44100,2,0.6666666865348816,Positive,VERIFIED,12,11,11,30,30,49,49,49,49,1,1,543cba1179a415f4f6489901adb97e8b0d8b1c078838cf623d08a6a6f4e80bc4,1,1,12,20,20,768,25,1404,50,30,20,49,49,4.6438125,4.766666666666667,460,4c145ee5042ca507b53f52a656aa5aecdc6123c16aefcca2b1191d41e136df51
-s9qJ7ATP7w$_$4,E题数据/附件1-数据集原始多模态样本/MOSEI数据集部分原始视频-100条/-s9qJ7ATP7w/4.mp4,1,639360,4.427018,6.2,30.0,129,44100,2,0.0,Neutral,VERIFIED,10,9,9,31,31,48,48,49,33,1,1,a8fc1e5905b0d9952c9c0abec052eb124f640734b478b807fa62f4fcb797052f,1,1,10,19,19,768,25,1404,50,31,19,48,33,4.246875,4.3999999999999995,420,19db0fcaa7213bdeaa4939c65df1405425ed0635a7137092faaacb357141b2cf
-s9qJ7ATP7w$_$5,E题数据/附件1-数据集原始多模态样本/MOSEI数据集部分原始视频-100条/-s9qJ7ATP7w/5.mp4,1,1432255,8.561003,13.567,30.0,253,44100,2,-2.0,Negative,VERIFIED,20,19,18,32,32,50,50,50,50,1,1,52fa7224d86ac197969fe2c8b0fddd47166f06c8c45f2391ec254bc4dd681653,1,1,20,18,18,768,25,1404,50,32,18,50,50,8.397875,8.533333333333333,835,dac0c9d5c57c34978bbc20672404caf0015667465b2919f26ce678df3402a3ee
-s9qJ7ATP7w$_$6,E题数据/附件1-数据集原始多模态样本/MOSEI数据集部分原始视频-100条/-s9qJ7ATP7w/6.mp4,1,839808,2.475,6.6,30.0,71,44100,2,0.0,Neutral,VERIFIED,5,5,5,17,17,47,47,48,38,1,1,40fa701d249b310cbe1fe0a5b3d1d5058c0a7112f290c2e33d5eb90e7d2f4bca,1,1,5,33,33,768,25,1404,50,17,33,47,38,2.3148125,2.4666666666666663,227,c520f3e9de5aa42707e7cf88355d4ee4b11a7882dfce9f7c203a8bf1c51a2f46
-s9qJ7ATP7w$_$7,E题数据/附件1-数据集原始多模态样本/MOSEI数据集部分原始视频-100条/-s9qJ7ATP7w/7.mp4,1,1601944,6.966016,12.767,30.0,207,44100,2,1.0,Positive,VERIFIED,36,30,26,40,40,50,50,50,30,1,1,5e649f1438f075836eab3736d677d791623d38bb4e2584c9806f4174fad204fd,1,1,36,10,10,768,25,1404,50,40,10,50,30,6.8385625,6.933333333333334,679,1866dabd8ee31c73d9622c8a55ef678ffe0b87e87147d6ea94f563ca2f8134a0
-s9qJ7ATP7w$_$8,E题数据/附件1-数据集原始多模态样本/MOSEI数据集部分原始视频-100条/-s9qJ7ATP7w/8.mp4,1,781494,3.294987,6.6,30.0,97,44100,2,1.3333333730697632,Positive,VERIFIED,17,12,10,31,31,49,49,50,50,1,1,6ee5208c997305caf88f7c4440ddb679f9a2fb19349bdb7652ca246a87a4ad04,1,1,17,19,19,768,25,1404,50,31,19,49,50,3.18425,3.2666666666666666,314,a454056aebdddc5c5b2146d61eabb0518f7c10d9bdea0c5f965fd26ff16d61c3
-t217m2on-s$_$2,E题数据/附件1-数据集原始多模态样本/MOSEI数据集部分原始视频-100条/-t217m2on-s/2.mp4,1,282834,5.686003,8.011,30.0,170,44100,2,0.6666666865348816,Positive,VERIFIED,14,12,12,29,29,50,50,50,50,1,1,548d211a495b7d1a2cd3d63e6bfda1725036c36e72932c3bf218ad607188ee1e,1,1,14,21,21,768,25,1404,50,29,21,50,50,5.6301875,5.666666666666667,559,3f27345023a3b5ad246b377a277491c94ea0564ae03ef3ee54d152e730ea882b
-t217m2on-s$_$7,E题数据/附件1-数据集原始多模态样本/MOSEI数据集部分原始视频-100条/-t217m2on-s/7.mp4,1,648501,17.183008,18.7,30.0,512,44100,2,-0.6666666865348816,Negative,VERIFIED,52,49,48,42,42,50,50,50,50,1,1,5e70f399e72d5e2187b50ee16fc6b475d9d51991ca440e650bcf04a6fc803032,1,1,52,8,8,768,25,1404,50,42,8,50,50,17.026375,17.166666666666668,1698,7b23c3cac24a5ca608f6f4576e5282452c0a618718f98f15c349582cb01affba
-tANM6ETl_M$_$3,E题数据/附件1-数据集原始多模态样本/MOSEI数据集部分原始视频-100条/-tANM6ETl_M/3.mp4,1,1547930,6.758008,9.1,30.0,200,44100,2,0.3333333432674408,Positive,VERIFIED,29,26,23,43,43,49,49,50,50,1,1,220e58dd0015de18588f2df57a5178f43b1c43f3bd01978181cb42e6397d7bec,1,1,29,7,7,768,25,1404,50,43,7,49,50,6.603625,6.733333333333333,656,28e32e4c75937143f0ccafe7a329febf624e8fcc718fba994e66d6df0f031670
-tPCytz4rww$_$10,E题数据/附件1-数据集原始多模态样本/MOSEI数据集部分原始视频-100条/-tPCytz4rww/10.mp4,1,512248,4.788997,11.734,30.0,142,44100,2,0.0,Neutral,VERIFIED,15,14,14,33,33,49,49,50,50,1,1,78975b03445c629fb61bdb784fc29a758f5c2407d08bc89d68bbd1946c4dac43,1,1,15,17,17,768,25,1404,50,33,17,49,50,4.6788125,4.766666666666667,463,5883eabc725ea84350963787048f1b367195563823cab8cb2668534303a80cc8
-tPCytz4rww$_$11,E题数据/附件1-数据集原始多模态样本/MOSEI数据集部分原始视频-100条/-tPCytz4rww/11.mp4,1,361198,5.466992,8.0,30.0,164,44100,2,0.0,Neutral,VERIFIED,19,17,17,38,38,50,50,50,50,1,1,4454d2c6523b271774a77fdd0e96c7aa072e4880c0268c5eb9d01eeae758b23a,1,1,19,12,12,768,25,1404,50,38,12,50,50,5.3785625,5.466666666666667,533,b6e765fabd36d5468ecf7c23fda3fedc99559363667075ee0d6b9c2a66489b6e
-tPCytz4rww$_$12,E题数据/附件1-数据集原始多模态样本/MOSEI数据集部分原始视频-100条/-tPCytz4rww/12.mp4,1,831948,11.863997,18.767,30.0,353,44100,2,0.0,Neutral,VERIFIED,28,26,24,38,38,50,50,50,50,1,1,fda040aa2e520276d4017ee4045ea289aabcd1a3ff75752c8404abc91ba0a273,1,1,28,12,12,768,25,1404,50,38,12,50,50,11.7361875,11.833333333333334,1169,46870924a110a364dd2d01529fd97cf9e3064c399d2952e58db9616faa5a848e
-tPCytz4rww$_$16,E题数据/附件1-数据集原始多模态样本/MOSEI数据集部分原始视频-100条/-tPCytz4rww/16.mp4,1,550547,7.20599,13.236,30.0,216,44100,2,0.0,Neutral,VERIFIED,17,16,16,31,31,50,50,50,50,1,1,7becc37d52b1f7f7244ea61b26b92efce212952258160cd60ae2a0494c04d3b8,1,1,17,19,19,768,25,1404,50,31,19,50,50,7.1391875,7.2,709,06dfb0034bf98e5602ee142e89999574e25d59b94c8eeba9551166c7f5904a73
-tPCytz4rww$_$18,E题数据/附件1-数据集原始多模态样本/MOSEI数据集部分原始视频-100条/-tPCytz4rww/18.mp4,1,625292,6.644987,14.281,30.0,199,44100,2,0.0,Neutral,VERIFIED,21,20,19,34,34,50,50,50,50,1,1,f000562ecae6892e228d6e40dde86570c8652fccd4e29687051d31e31c2b8b00,1,1,21,16,16,768,25,1404,50,34,16,50,50,6.5688125,6.633333333333333,652,55be4b220263c02690b2f30a2dc1c334f4bd965ad668c1027d30c42ecc2360ce
-uywlfIYOS8$_$4,E题数据/附件1-数据集原始多模态样本/MOSEI数据集部分原始视频-100条/-uywlfIYOS8/4.mp4,1,557194,6.044987,14.334,30.0,179,44100,2,0.3333333432674408,Positive,VERIFIED,22,20,20,41,41,49,49,50,50,1,1,d1ca4025e95193dadf8b4bd64de68f544ec9976d87b814050fc07effa5c868d2,1,1,22,9,9,768,25,1404,50,41,9,49,50,5.881125,6.033333333333333,584,132798295e4a32fd90eaf9d50bd4f65da8c4c30da5a1d81715ec0e9681405dba
-vxjVxOeScU$_$4,E题数据/附件1-数据集原始多模态样本/MOSEI数据集部分原始视频-100条/-vxjVxOeScU/4.mp4,1,431202,9.127018,11.734,30.0,272,44100,2,1.0,Positive,VERIFIED,27,25,21,36,36,50,50,50,50,1,1,812591114be4fae0d42f5cdc1778c565254246ec9bdfbd4296da4859a709d272,1,1,27,14,14,768,25,1404,50,36,14,50,50,9.0370625,9.1,899,4f2630484bd10c0756fb1aa074cd0c9544ba4d69210ae8153afc56764868c375
-wMB_hJL-3o$_$7,E题数据/附件1-数据集原始多模态样本/MOSEI数据集部分原始视频-100条/-wMB_hJL-3o/7.mp4,1,264692,6.04401,7.315,30.0,181,44100,2,0.3333333432674408,Positive,VERIFIED,23,22,22,39,39,50,50,50,50,1,1,f4ca469578c9e69119ffc9f21eaa0a4267d11a6d448472adbaab26c4030e4beb,1,1,23,11,11,768,25,1404,50,39,11,50,50,5.9755625,6.033333333333333,593,ac1bddd824ff2e43d7e37471f7a5987922125ffca47e5d04dcc0a82376d7725d
-wny0OAz3g8$_$0,E题数据/附件1-数据集原始多模态样本/MOSEI数据集部分原始视频-100条/-wny0OAz3g8/0.mp4,1,458092,3.333333,3.334,30.0,100,44100,2,0.3333333432674408,Positive,VERIFIED,11,10,10,37,37,50,50,50,50,1,1,0ba5fbba30d1e68eb3ea9310b37c6881d567cd53b582712430b21230c27f5aaf,1,1,11,13,13,768,25,1404,50,37,13,50,50,3.274,3.333333333333333,323,a888211e5ab49c20797e3289a28a3459d2a86c52e8f15016701071d96800eee9
-wny0OAz3g8$_$1,E题数据/附件1-数据集原始多模态样本/MOSEI数据集部分原始视频-100条/-wny0OAz3g8/1.mp4,1,1001717,6.84401,9.1,30.0,205,44100,2,0.3333333432674408,Positive,VERIFIED,28,24,24,42,42,50,50,50,49,1,1,82ea8318a241c6cc8ea66d2787ab3ebae3e915d81feb864a1dbbcbcabeb374c5,1,1,28,8,8,768,25,1404,50,42,8,50,49,6.7765625,6.833333333333333,673,5a7a4245761e9c124e840268ebcfb58bcd89d431510adabd3b23585cd8ee02cd
-wny0OAz3g8$_$2,E题数据/附件1-数据集原始多模态样本/MOSEI数据集部分原始视频-100条/-wny0OAz3g8/2.mp4,1,1365442,6.686979,11.934,30.0,197,44100,2,-0.3333333432674408,Negative,VERIFIED,28,24,24,41,41,49,49,50,50,1,1,8f726133f4c4eb6a663260764d1b37a1ffc6bed104e6f63db7c306ac0e269e10,1,1,28,9,9,768,25,1404,50,41,9,49,50,6.5226875,6.666666666666667,648,216a3201c9f02c545fd675c5e9be270d21e2ca1bd2a596d7a3eda91bd070e75b
-wny0OAz3g8$_$3,E题数据/附件1-数据集原始多模态样本/MOSEI数据集部分原始视频-100条/-wny0OAz3g8/3.mp4,1,1314050,6.146029,11.169,30.0,184,44100,2,-1.3333333730697632,Negative,VERIFIED,20,20,20,41,41,50,50,50,43,1,1,ab37b3389b2635432312d67e15d04c5c3eec410b8c3b190185e96e76a8c18aea,1,1,20,9,9,768,25,1404,50,41,9,50,43,6.099875,6.133333333333333,605,6f9d60ff2fdb35be97d8fbc26309ba719bc1e4ab812cac0d22312529e0f0761c
-wny0OAz3g8$_$5,E题数据/附件1-数据集原始多模态样本/MOSEI数据集部分原始视频-100条/-wny0OAz3g8/5.mp4,1,1349104,6.911979,9.967,30.0,204,44100,2,1.0,Positive,VERIFIED,23,21,20,42,42,49,49,50,42,1,1,81b3cf28b128c645352f5fd9f9bd0b4f220e637c3dc5df037d6b2b1d044380ab,1,1,23,8,8,768,25,1404,50,42,8,49,42,6.7414375,6.8999999999999995,670,e8853a859be4d15c08aa700b96001733b6c3e43fcb385eb90aa0fe4ff574bc78
-wny0OAz3g8$_$7,E题数据/附件1-数据集原始多模态样本/MOSEI数据集部分原始视频-100条/-wny0OAz3g8/7.mp4,1,1016813,8.067969,9.5,30.0,240,44100,2,0.0,Neutral,VERIFIED,29,29,29,49,49,50,50,50,43,1,1,3890531fdc9f624912fa53dc07cd75b57a68173eaf7d562cc4300bdd6f7cfa6b,1,1,29,1,1,768,25,1404,50,49,1,50,43,7.9105,8.066666666666666,787,6b09ad6a0b39630ecf9685e5e3f18a075963995dfab22dabab604ae1c760ee5d
-wny0OAz3g8$_$9,E题数据/附件1-数据集原始多模态样本/MOSEI数据集部分原始视频-100条/-wny0OAz3g8/9.mp4,1,1322886,6.213021,9.867,30.0,183,44100,2,0.6666666865348816,Positive,VERIFIED,22,20,19,41,41,49,49,50,49,1,1,df7c4087c8c6f123c1f7dbc19534cf1d92776d0afc48327e634e54f53c81be9c,1,1,22,9,9,768,25,1404,50,41,9,49,49,6.0435,6.2,600,b073d6118506354af3a611c7f92a9de2884c3133f43399a04fd0915b6e79c989
-yRb-Jum7EQ$_$1,E题数据/附件1-数据集原始多模态样本/MOSEI数据集部分原始视频-100条/-yRb-Jum7EQ/1.mp4,1,5017520,29.288021,34.567,30.0,875,44100,2,0.0,Neutral,UNRESOLVED,55,49,23,0,0,50,50,50,50,1,1,1967368e1ed77d5f4e7fa7d3a647b3516d7f7b1b3367d82de219c345a2402bbd,2,1,55,50,50,768,25,1404,50,0,50,50,50,29.10975,29.26666666666667,2906,d7897115f3206d9299f12cdd9b4b6ca0b48116d724b557be481d7921a6bb3514
-yRb-Jum7EQ$_$5,E题数据/附件1-数据集原始多模态样本/MOSEI数据集部分原始视频-100条/-yRb-Jum7EQ/5.mp4,1,1599984,13.16901,13.634,30.0,394,44100,2,-0.6666666865348816,Negative,UNRESOLVED,29,25,9,0,0,50,50,50,50,1,1,0146cf488090de0eabb5955e7ccf251532191a3da3ddbc0a6ff4e5760070cf60,2,1,29,50,50,768,25,1404,50,0,50,50,50,13.0445625,13.166666666666666,1300,8ac42837f450630b1921a985bcf041acd8d3a7cec3ef06bd024e914efd9d2713
-yRb-Jum7EQ$_$6,E题数据/附件1-数据集原始多模态样本/MOSEI数据集部分原始视频-100条/-yRb-Jum7EQ/6.mp4,1,1779127,11.241995,15.488,30.0,336,44100,2,0.0,Neutral,UNRESOLVED,22,19,6,0,0,50,50,50,50,1,1,4f446a64408f1d0dac1c3808b2747e1374488cdd4a7e11cfeb45a84eab28b310,2,1,22,50,50,768,25,1404,50,0,50,50,50,11.2425625,11.2,1120,4522280e9c875c584834629f66c4d65c6f22782db6331ab534fc7acc7c35406d
